City_ID,City,Country,Date,Lat,Lng,Max Temp,Humidity,Cloudiness,Wind Speed
0,Vila,PT,2021-10-25 17:49:22,42.0304,-8.1588,53.33,78,47,2.84
1,Bluff,NZ,2021-10-25 17:41:47,-46.6,168.3333,51.31,93,91,7.09
2,Bengkulu,ID,2021-10-25 17:42:17,-3.8004,102.2655,74.82,91,100,3.78
3,Thompson,CA,2021-10-25 17:39:41,55.7435,-97.8558,33.96,93,75,2.3
4,Sur,OM,2021-10-25 17:49:22,22.5667,59.5289,81.66,64,0,5.3
5,Ribeira Grande,PT,2021-10-25 17:41:36,38.5167,-28.7,70.2,73,75,12.66
6,Mar Del Plata,AR,2021-10-25 17:42:46,-38.0023,-57.5575,71.62,37,0,18.01
7,Pinawa,CA,2021-10-25 17:49:23,50.1489,-95.8811,45.43,51,7,10.51
8,Busselton,AU,2021-10-25 17:39:35,-33.65,115.3333,42.04,71,73,4.38
9,Victoria,HK,2021-10-25 17:38:26,22.2855,114.1577,75.33,82,97,1.01
10,Punta Arenas,CL,2021-10-25 17:41:31,-53.15,-70.9167,42.82,70,40,26.46
11,Puerto Ayora,EC,2021-10-25 17:41:33,-0.7393,-90.3518,75.16,89,59,5.01
12,Imbituba,BR,2021-10-25 17:49:24,-28.24,-48.6703,78.69,51,0,16.96
13,Yellowknife,CA,2021-10-25 17:37:57,62.456,-114.3525,39.42,99,90,13.8
14,Kapaa,US,2021-10-25 17:41:35,22.0752,-159.319,73.72,93,1,12.66
15,Port Elizabeth,ZA,2021-10-25 17:39:36,-33.918,25.5701,64.69,77,0,11.5
16,Fortuna,US,2021-10-25 17:41:50,40.5982,-124.1573,56.98,72,20,4.0
17,Rikitea,PF,2021-10-25 17:39:34,-23.1203,-134.9692,74.62,73,100,19.91
18,Georgetown,MY,2021-10-25 17:42:12,5.4112,100.3354,82.33,84,40,2.3
19,Ushuaia,AR,2021-10-25 17:39:33,-54.8,-68.3,35.26,80,75,27.63
20,Tasiilaq,GL,2021-10-25 17:39:34,65.6145,-37.6368,30.7,82,100,21.12
21,Leningradskiy,RU,2021-10-25 17:41:39,69.3833,178.4167,6.57,94,100,13.91
22,Lorengau,PG,2021-10-25 17:43:17,-2.0226,147.2712,81.23,77,37,4.43
23,New Haven,US,2021-10-25 17:45:23,41.4001,-72.9329,72.19,83,90,1.99
24,Berdyaush,RU,2021-10-25 17:49:26,55.1619,59.1464,33.19,97,100,8.52
25,Pevek,RU,2021-10-25 17:39:37,69.7008,170.3133,-2.18,98,100,3.98
26,Grand Gaube,MU,2021-10-25 17:41:44,-20.0064,57.6608,74.37,70,27,7.0
27,Qasigiannguit,GL,2021-10-25 17:49:27,68.8193,-51.1922,19.65,82,0,3.06
28,Portland,US,2021-10-25 17:40:25,45.5234,-122.6762,59.2,64,90,5.01
29,Nemuro,JP,2021-10-25 17:44:21,43.3236,145.575,51.93,84,48,6.96
30,Warmbad,NA,2021-10-25 17:49:23,-28.45,18.7333,75.96,16,3,9.98
31,Isangel,VU,2021-10-25 17:42:28,-19.55,169.2667,73.92,85,37,10.63
32,Atuona,PF,2021-10-25 17:41:55,-9.8,-139.0333,77.25,77,68,15.75
33,Talnakh,RU,2021-10-25 17:49:08,69.4865,88.3972,18.97,96,100,7.72
34,Erzin,TR,2021-10-25 17:49:28,36.9559,36.2,70.52,55,87,1.39
35,Samarai,PG,2021-10-25 17:42:10,-10.6167,150.6667,80.89,80,79,8.81
36,Aksu,CN,2021-10-25 17:44:24,41.1231,80.2644,49.57,39,4,5.01
37,College,US,2021-10-25 17:49:09,64.8569,-147.8028,27.21,91,90,3.44
38,Tautira,PF,2021-10-25 17:43:24,-17.7333,-149.15,78.82,79,88,3.11
39,Cap Malheureux,MU,2021-10-25 17:42:19,-19.9842,57.6142,74.46,70,24,7.0
40,Soyo,AO,2021-10-25 17:49:29,-6.1349,12.3689,80.65,82,100,9.84
41,Upernavik,GL,2021-10-25 17:41:31,72.7868,-56.1549,14.83,63,19,5.84
42,Kodiak,US,2021-10-25 17:39:44,57.79,-152.4072,40.51,81,1,12.66
43,Oranjemund,NA,2021-10-25 17:49:30,-28.55,16.4333,61.7,73,42,11.21
44,Watsa,CD,2021-10-25 17:49:30,3.0372,29.5355,67.46,93,54,2.64
45,Lebu,CL,2021-10-25 17:42:36,-37.6167,-73.65,57.43,73,26,12.62
46,Mount Gambier,AU,2021-10-25 17:49:31,-37.8333,140.7667,39.11,93,21,3.44
47,Nuuk,GL,2021-10-25 17:40:55,64.1835,-51.7216,27.21,43,1,19.57
48,Aykhal,RU,2021-10-25 17:44:17,66.0,111.5,15.08,98,76,7.43
49,Esmeraldas,BR,2021-10-25 17:49:31,-19.7625,-44.3139,87.91,66,62,8.75
50,Provideniya,RU,2021-10-25 17:41:37,64.3833,-173.3,15.6,85,70,7.38
51,Khatanga,RU,2021-10-25 17:41:38,71.9667,102.5,6.21,96,100,9.04
52,Hermanus,ZA,2021-10-25 17:38:54,-34.4187,19.2345,62.8,76,70,15.77
53,Cape Town,ZA,2021-10-25 17:36:04,-33.9258,18.4232,68.41,63,0,4.0
54,Airai,TL,2021-10-25 17:43:52,-8.9266,125.4092,61.2,91,61,0.31
55,Maniitsoq,GL,2021-10-25 17:49:32,65.4167,-52.9,28.36,45,0,8.37
56,Narsaq,GL,2021-10-25 17:41:52,60.9167,-46.05,30.42,44,17,1.59
57,Yerbogachen,RU,2021-10-25 17:49:33,61.2767,108.0108,29.79,95,94,5.97
58,Rafaela,AR,2021-10-25 17:49:33,-31.2503,-61.4867,97.05,13,0,4.0
59,Vaini,TO,2021-10-25 17:42:00,-21.2,-175.2,71.76,88,20,4.61
60,Norman Wells,CA,2021-10-25 17:43:36,65.282,-126.8329,23.04,93,75,3.44
61,Dikson,RU,2021-10-25 17:39:37,73.5069,80.5464,12.92,87,100,19.13
62,Labrea,BR,2021-10-25 17:49:34,-7.2586,-64.7981,86.23,64,96,4.54
63,Kaeo,NZ,2021-10-25 17:49:35,-35.1,173.7833,60.33,96,50,2.59
64,Vianopolis,BR,2021-10-25 17:49:35,-16.7419,-48.5164,79.54,53,100,5.44
65,Vestmanna,FO,2021-10-25 17:43:05,62.1564,-7.1664,43.72,93,90,11.5
66,Qaanaaq,GL,2021-10-25 17:42:07,77.484,-69.3632,-2.02,59,16,13.44
67,Mataura,NZ,2021-10-25 17:39:40,-46.1927,168.8643,50.47,97,98,2.66
68,New Norfolk,AU,2021-10-25 17:42:36,-42.7826,147.0587,49.5,97,40,1.36
69,Jamestown,US,2021-10-25 17:38:58,42.097,-79.2353,69.12,66,90,7.0
70,Bilibino,RU,2021-10-25 17:41:45,68.0546,166.4372,-18.9,95,83,3.18
71,Mildura,AU,2021-10-25 17:49:36,-34.2,142.15,46.36,66,0,3.44
72,Winchester,GB,2021-10-25 17:46:13,51.0651,-1.3187,55.51,84,40,6.91
73,Apodi,BR,2021-10-25 17:49:37,-5.6642,-37.7989,102.04,19,21,11.56
74,Verkhoyansk,RU,2021-10-25 17:45:42,67.5447,133.385,-5.22,100,88,1.59
75,Saldanha,ZA,2021-10-25 17:49:38,-33.0117,17.9442,73.45,82,1,13.85
76,Yeppoon,AU,2021-10-25 17:49:38,-23.1333,150.7333,67.78,90,100,7.14
77,Wainwright,CA,2021-10-25 17:49:38,52.839,-110.8572,44.51,51,100,21.56
78,Ilulissat,GL,2021-10-25 17:48:38,69.2167,-51.1,19.42,58,20,6.91
79,Hobart,AU,2021-10-25 17:37:00,-42.8794,147.3294,49.86,81,90,6.91
80,Bredasdorp,ZA,2021-10-25 17:41:43,-34.5322,20.0403,62.28,77,56,11.5
81,Cabo San Lucas,MX,2021-10-25 17:40:04,22.8909,-109.9124,86.5,69,2,5.37
82,Port Alfred,ZA,2021-10-25 17:39:42,-33.5906,26.891,64.33,80,53,21.03
83,Bay Roberts,CA,2021-10-25 17:49:40,47.5999,-53.2648,44.33,80,99,7.0
84,Barrow,US,2021-10-25 17:49:40,71.2906,-156.7887,28.42,86,90,14.97
85,Mitsamiouli,KM,2021-10-25 17:49:40,-11.3847,43.2844,79.09,83,40,24.16
86,Hilo,US,2021-10-25 17:42:09,19.7297,-155.09,72.81,92,90,0.0
87,Ormara,PK,2021-10-25 17:49:41,25.2088,64.6357,78.62,54,0,6.87
88,Viedma,AR,2021-10-25 17:49:41,-40.8135,-62.9967,71.74,20,9,18.21
89,Avarua,CK,2021-10-25 17:41:35,-21.2078,-159.775,73.45,64,40,12.66
90,Makakilo City,US,2021-10-25 17:42:27,21.3469,-158.0858,76.6,72,40,4.61
91,Marsabit,KE,2021-10-25 17:49:42,2.3284,37.9899,69.44,67,99,9.95
92,Longyearbyen,SJ,2021-10-25 17:41:39,78.2186,15.6401,21.04,63,40,21.85
93,Illapel,CL,2021-10-25 17:49:42,-31.6308,-71.1653,80.33,32,24,9.91
94,Banda Aceh,ID,2021-10-25 17:49:43,5.5577,95.3222,78.73,83,96,5.03
95,Roblin,CA,2021-10-25 17:49:43,51.23,-101.3565,43.34,59,99,20.2
96,Russell,US,2021-10-25 17:44:16,32.3502,-85.1999,79.88,73,90,4.61
97,Hamilton,US,2021-10-25 17:39:09,39.1834,-84.5333,66.11,88,90,3.0
98,Beringovskiy,RU,2021-10-25 17:49:44,63.05,179.3167,10.72,77,100,5.77
99,Bambous Virieux,MU,2021-10-25 17:43:38,-20.3428,57.7575,74.21,73,40,12.66
100,Khuzhir,RU,2021-10-25 17:49:44,53.1939,107.3397,40.35,75,46,10.33
101,Hasaki,JP,2021-10-25 17:44:15,35.7333,140.8333,59.4,88,100,25.59
102,Tuktoyaktuk,CA,2021-10-25 17:41:34,69.4541,-133.0374,28.4,100,90,8.05
103,Kiunga,PG,2021-10-25 17:49:45,-6.1219,141.2906,72.81,99,100,0.92
104,Atambua,ID,2021-10-25 17:43:41,-9.1061,124.8925,75.54,84,65,1.92
105,Pangoa,PE,2021-10-25 17:49:45,-12.1167,-73.0,65.23,98,100,1.12
106,Carnarvon,AU,2021-10-25 17:41:54,-24.8667,113.6333,64.47,63,90,13.8
107,Grootfontein,NA,2021-10-25 17:49:46,-19.5667,18.1167,83.77,15,2,3.44
108,Cidreira,BR,2021-10-25 17:43:38,-30.1811,-50.2056,75.38,48,0,4.56
109,Mahebourg,MU,2021-10-25 17:41:28,-20.4081,57.7,74.25,73,40,12.66
110,Kununurra,AU,2021-10-25 17:43:09,-15.7667,128.7333,80.58,74,79,0.0
111,Gamba,GA,2021-10-25 17:49:46,-2.65,10.0,76.77,89,100,8.41
112,Albany,US,2021-10-25 17:49:02,42.6001,-73.9662,63.16,91,100,4.54
113,Chakia,IN,2021-10-25 17:49:47,26.4167,85.05,72.16,64,0,6.29
114,Ostrovnoy,RU,2021-10-25 17:43:16,68.0531,39.5131,20.41,90,16,7.49
115,Hithadhoo,MV,2021-10-25 17:48:30,-0.6,73.0833,82.85,74,94,13.82
116,Kefar Shemaryahu,IL,2021-10-25 17:49:48,32.1856,34.8219,73.38,78,5,7.38
117,Bathsheba,BB,2021-10-25 17:44:11,13.2167,-59.5167,86.61,66,20,27.63
118,Rawson,AR,2021-10-25 17:43:43,-43.3002,-65.1023,66.79,25,37,16.35
119,Barcelos,PT,2021-10-25 17:49:48,41.5388,-8.6151,64.85,83,39,6.64
120,Elko,US,2021-10-25 17:49:36,41.0002,-115.5012,38.73,89,100,8.99
121,Bandundu,CD,2021-10-25 17:49:49,-3.3167,17.3667,73.38,93,99,1.97
122,Kieta,PG,2021-10-25 17:49:49,-6.2167,155.6333,77.88,83,37,2.51
123,Ingham,US,2021-10-25 17:49:49,42.6,-84.3833,48.0,94,90,10.36
124,Mayo,US,2021-10-25 17:49:50,38.8876,-76.5119,80.28,64,1,4.0
125,Caravelas,BR,2021-10-25 17:43:25,-17.7125,-39.2481,74.91,94,100,9.04
126,Immokalee,US,2021-10-25 17:49:50,26.4187,-81.4173,87.94,71,40,8.05
127,Kapuskasing,CA,2021-10-25 17:49:51,49.4169,-82.4331,37.49,93,75,10.36
128,Aitape,PG,2021-10-25 17:49:51,-3.1374,142.3475,76.96,89,86,2.8
129,Rameshki,RU,2021-10-25 17:49:51,57.3439,36.0453,33.46,86,89,11.07
130,East London,ZA,2021-10-25 17:40:16,-33.0153,27.9116,65.34,72,20,12.66
131,Juba,SS,2021-10-25 17:49:52,4.8517,31.5825,82.38,46,78,2.19
132,Sao Joao Da Barra,BR,2021-10-25 17:42:52,-21.6403,-41.0511,75.29,77,83,12.08
133,Nishihara,JP,2021-10-25 17:44:20,26.1842,127.7558,71.26,73,20,6.91
134,Ponta Do Sol,PT,2021-10-25 17:42:45,32.6667,-17.1,73.71,68,78,4.99
135,Kushima,JP,2021-10-25 17:49:53,31.4583,131.2333,55.74,89,1,2.93
136,Lukovetskiy,RU,2021-10-25 17:49:53,64.2956,41.9211,26.58,97,100,3.02
137,Fort Collins,US,2021-10-25 17:45:48,40.5853,-105.0844,73.96,45,1,5.75
138,Bianzhuang,CN,2021-10-25 17:49:54,34.8486,118.0447,55.29,70,94,3.76
139,Alpena,US,2021-10-25 17:49:54,45.0617,-83.4327,51.19,77,90,8.01
140,Honiara,SB,2021-10-25 17:42:08,-9.4333,159.95,77.34,88,68,3.76
141,Holme,DK,2021-10-25 17:49:55,56.1138,10.1725,51.66,93,99,13.11
142,Neosho,US,2021-10-25 17:49:30,36.869,-94.368,58.6,77,24,7.07
143,Port Hedland,AU,2021-10-25 17:43:24,-20.3167,118.5667,73.45,83,0,10.36
144,Castro,BR,2021-10-25 17:41:34,-24.7911,-50.0119,69.03,65,89,3.18
145,Sinnamary,GF,2021-10-25 17:42:17,5.3833,-52.95,79.14,89,67,10.87
146,Torbay,CA,2021-10-25 17:44:10,47.6666,-52.7314,43.39,87,90,20.71
147,Sobolevo,RU,2021-10-25 17:49:56,54.4299,31.8996,34.3,80,16,10.42
148,Terekli-Mekteb,RU,2021-10-25 17:49:56,44.1671,45.8698,44.98,76,100,15.7
149,Chokurdakh,RU,2021-10-25 17:41:56,70.6333,147.9167,-20.49,100,95,0.29
150,Sambava,MG,2021-10-25 17:49:57,-14.2667,50.1667,75.34,80,20,10.0
151,Ust-Nera,RU,2021-10-25 17:42:39,64.5667,143.2,5.81,99,100,2.8
152,Katsuura,JP,2021-10-25 17:49:57,35.1333,140.3,59.02,96,100,28.23
153,Avera,US,2021-10-25 17:42:34,33.194,-82.5271,80.47,60,73,6.44
154,Sitka,US,2021-10-25 17:42:34,57.0531,-135.33,40.89,81,75,5.75
155,Butaritari,KI,2021-10-25 17:41:36,3.0707,172.7902,81.57,73,6,5.84
156,Coihaique,CL,2021-10-25 17:49:58,-45.5752,-72.0662,50.61,66,90,11.5
157,Drochia,MD,2021-10-25 17:49:58,48.035,27.8161,40.66,45,0,6.08
158,Vestmannaeyjar,IS,2021-10-25 17:44:27,63.4427,-20.2734,45.59,93,40,9.22
159,Nikolskoye,RU,2021-10-25 17:41:52,59.7035,30.7861,47.88,83,100,11.72
160,Comodoro Rivadavia,AR,2021-10-25 17:44:24,-45.8667,-67.5,64.26,24,75,39.12
161,Padang,ID,2021-10-25 17:42:22,-0.9492,100.3543,75.25,89,100,2.53
162,Masuguru,TZ,2021-10-25 17:50:00,-11.3667,38.4167,85.05,53,49,10.47
163,Zaozerne,UA,2021-10-25 17:43:12,45.1582,33.2787,46.94,53,25,10.74
164,Glen Avon,US,2021-10-25 17:50:00,34.0117,-117.4848,67.14,83,90,1.01
165,Port Lincoln,AU,2021-10-25 17:42:57,-34.7333,135.8667,57.74,79,9,12.97
166,Cortez,US,2021-10-25 17:50:01,37.3489,-108.5859,65.93,31,1,14.97
167,Haines Junction,CA,2021-10-25 17:43:05,60.7522,-137.5108,10.35,85,100,1.14
168,Neyshabur,IR,2021-10-25 17:50:02,36.2133,58.7958,56.41,24,0,2.15
169,Jega,NG,2021-10-25 17:50:03,12.2175,4.3792,86.47,21,37,3.67
170,Mackay,AU,2021-10-25 17:39:22,-21.15,149.2,76.68,88,97,4.61
171,Sulangan,PH,2021-10-25 17:50:04,11.1373,123.7228,82.29,79,95,9.53
172,Khasan,RU,2021-10-25 17:50:04,42.4308,130.6434,47.39,77,15,3.53
173,Kaitangata,NZ,2021-10-25 17:41:37,-46.2817,169.8464,51.51,87,98,6.11
174,Acajutla,SV,2021-10-25 17:50:05,13.5928,-89.8275,85.03,71,11,7.36
175,Meulaboh,ID,2021-10-25 17:41:54,4.1363,96.1285,75.27,93,99,3.76
176,Sao Felix Do Xingu,BR,2021-10-25 17:43:10,-6.6447,-51.995,89.04,54,96,2.06
177,Belmonte,BR,2021-10-25 17:50:06,-15.8631,-38.8828,84.2,75,91,9.19
178,Deputatskiy,RU,2021-10-25 17:42:38,69.3,139.9,-2.38,99,99,1.07
179,Punta Gorda,US,2021-10-25 17:50:07,26.9298,-82.0454,88.0,78,75,1.01
180,Half Moon Bay,US,2021-10-25 17:50:08,37.4636,-122.4286,62.04,80,1,8.05
181,Rio Abajo,HN,2021-10-25 17:50:08,14.1667,-87.2167,79.03,61,75,6.91
182,Sioux Lookout,CA,2021-10-25 17:50:09,50.1001,-91.917,35.98,87,90,4.61
183,Saint George,US,2021-10-25 17:39:57,37.1041,-113.5841,77.25,29,1,1.01
184,Asau,RO,2021-10-25 17:43:29,46.4333,26.4,40.75,68,0,1.7
185,Mercedes,AR,2021-10-25 17:50:09,-34.6515,-59.4307,88.03,13,20,16.53
186,Ploemeur,FR,2021-10-25 17:50:09,47.7333,-3.4333,56.95,91,40,8.05
187,Palmer,US,2021-10-25 17:43:29,42.1584,-72.3287,55.92,85,90,1.01
188,Zarubino,RU,2021-10-25 17:50:10,42.63,131.0922,48.42,80,6,3.36
189,Dunedin,NZ,2021-10-25 17:41:18,-45.8742,170.5036,55.8,95,94,7.0
190,Santa Isabel Do Rio Negro,BR,2021-10-25 17:50:11,-0.4139,-65.0192,87.04,66,91,1.48
191,Skibbereen,IE,2021-10-25 17:50:11,51.55,-9.2667,51.6,83,100,10.31
192,San Luis,AR,2021-10-25 17:50:11,-33.295,-66.3356,92.28,10,0,7.7
193,Jumla,NP,2021-10-25 17:50:12,29.2747,82.1838,44.47,86,5,3.58
194,Messina,IT,2021-10-25 17:46:54,38.1933,15.5497,66.18,88,40,1.14
195,Urumqi,CN,2021-10-25 17:45:30,43.801,87.6005,38.35,56,0,4.47
196,Ouesso,CG,2021-10-25 17:50:12,1.6136,16.0517,72.07,96,54,3.27
197,Paramonga,PE,2021-10-25 17:44:19,-10.6667,-77.8333,67.53,71,50,11.81
198,Hirara,JP,2021-10-25 17:42:53,24.8,125.2833,76.41,66,13,20.56
199,Saint-Philippe,RE,2021-10-25 17:50:13,-21.3585,55.7679,74.79,83,32,15.1
200,Dingle,PH,2021-10-25 17:42:53,10.9995,122.6711,75.31,91,100,4.21
201,Kansanshi,ZM,2021-10-25 17:50:13,-12.0951,26.4273,72.12,58,72,6.93
202,Gold Coast,AU,2021-10-25 17:48:23,-28.0,153.4333,71.04,80,90,3.0
203,Ahipara,NZ,2021-10-25 17:43:57,-35.1667,173.1667,56.25,90,2,1.97
204,New Ulm,US,2021-10-25 17:48:04,44.3125,-94.4605,48.92,60,1,6.91
205,Lompoc,US,2021-10-25 17:42:38,34.6391,-120.4579,59.77,90,90,6.91
206,Verkh-Usugli,RU,2021-10-25 17:50:14,52.7,115.1667,28.29,81,4,4.59
207,Mingaora,PK,2021-10-25 17:50:15,34.7758,72.3625,56.39,59,0,5.08
208,Tokur,RU,2021-10-25 17:44:21,53.1333,132.9,22.62,96,99,3.44
209,Arraial Do Cabo,BR,2021-10-25 17:41:30,-22.9661,-42.0278,73.36,73,75,8.05
210,Khandyga,RU,2021-10-25 17:50:15,62.6667,135.6,23.85,98,100,0.69
211,Neuquen,AR,2021-10-25 17:50:16,-38.9516,-68.0591,82.29,23,0,19.57
212,Izhma,RU,2021-10-25 17:50:16,65.0083,53.9113,26.71,84,98,4.88
213,Severo-Kurilsk,RU,2021-10-25 17:41:58,50.6789,156.125,38.84,83,21,10.36
214,Belyye Berega,RU,2021-10-25 17:50:17,53.2085,34.6641,32.18,76,14,5.3
215,Abu Dhabi,AE,2021-10-25 17:47:43,24.4667,54.3667,85.19,60,0,6.78
216,Khorixas,NA,2021-10-25 17:50:17,-20.3667,14.9667,70.3,32,0,12.64
217,Nouadhibou,MR,2021-10-25 17:50:18,20.931,-17.0347,73.38,68,99,12.66
218,Souillac,MU,2021-10-25 17:43:09,-20.5167,57.5167,74.35,73,40,12.66
219,Ugoofaaru,MV,2021-10-25 17:50:18,5.6667,73.0,81.59,78,61,9.37
220,Senanga,ZM,2021-10-25 17:50:18,-16.1167,23.2667,81.88,38,50,5.03
221,Faanui,PF,2021-10-25 17:42:24,-16.4833,-151.75,78.8,76,98,5.77
222,Husavik,IS,2021-10-25 17:42:49,66.0449,-17.3389,35.51,81,39,8.77
223,Gigmoto,PH,2021-10-25 17:50:19,13.7796,124.39,79.99,83,99,8.39
224,Flinders,AU,2021-10-25 17:50:19,-34.5833,150.8552,56.48,81,24,5.35
225,Saskylakh,RU,2021-10-25 17:41:39,71.9167,114.0833,-10.23,99,99,2.28
226,Petropavlovsk-Kamchatskiy,RU,2021-10-25 17:50:20,53.0452,158.6483,28.99,74,75,6.71
227,Ashqelon,IL,2021-10-25 17:50:20,31.6693,34.5715,73.29,69,0,8.77
228,Shimoda,JP,2021-10-25 17:50:21,34.6667,138.95,55.11,89,100,28.23
229,San Cristobal,VE,2021-10-25 17:40:53,7.7669,-72.225,78.98,46,65,3.98
230,Antalaha,MG,2021-10-25 17:50:21,-14.9003,50.2788,73.26,80,23,6.62
231,Seddon,AU,2021-10-25 17:50:21,-37.8068,144.8916,46.8,89,20,1.01
232,San Quintin,MX,2021-10-25 17:43:20,30.4833,-115.95,67.33,68,73,10.94
233,Santiago,CL,2021-10-25 17:50:22,-33.4569,-70.6483,83.64,21,0,3.44
234,Kigorobya,UG,2021-10-25 17:50:22,1.6162,31.3089,71.02,75,88,8.57
235,Riyadh,SA,2021-10-25 17:49:27,24.6877,46.7219,82.54,32,0,11.65
236,Biak,ID,2021-10-25 17:43:03,-0.9131,122.8766,76.86,87,78,1.3
237,Uglegorsk,RU,2021-10-25 17:50:23,49.0833,142.0333,43.23,90,5,7.54
238,Eureka,US,2021-10-25 17:41:49,40.8021,-124.1637,57.25,89,37,5.99
239,Hornepayne,CA,2021-10-25 17:50:23,49.2138,-84.7705,38.73,69,36,8.61
240,Inta,RU,2021-10-25 17:50:24,66.0317,60.1659,12.67,97,86,6.29
241,Darnah,LY,2021-10-25 17:50:24,32.767,22.6367,71.11,83,99,20.4
242,Barcelona,ES,2021-10-25 17:47:54,41.3888,2.159,66.43,83,20,1.14
243,Pringsewu,ID,2021-10-25 17:50:25,-5.3582,104.9744,74.61,95,68,4.29
244,Bow Island,CA,2021-10-25 17:50:25,49.8668,-111.3684,53.78,61,100,10.36
245,Warrington,GB,2021-10-25 17:50:26,53.3925,-2.5802,53.33,81,41,1.99
246,Lyubech,UA,2021-10-25 17:50:26,51.7026,30.6569,35.06,59,6,7.27
247,San Patricio,US,2021-10-25 17:42:51,28.017,-97.5169,89.87,48,6,7.27
248,Paamiut,GL,2021-10-25 17:43:36,61.994,-49.6678,37.11,54,26,14.58
249,Walvis Bay,NA,2021-10-25 17:43:11,-22.9575,14.5053,63.55,67,0,8.05
250,Limon,CR,2021-10-25 17:50:27,10.0,-83.0333,85.89,74,40,9.22
251,Assiniboia,CA,2021-10-25 17:42:59,49.6334,-105.9845,40.91,81,100,19.57
252,Moree,AU,2021-10-25 17:50:27,-29.4667,149.85,48.22,61,0,6.91
253,Torrington,US,2021-10-25 17:50:27,41.8007,-73.1212,71.28,97,100,1.01
254,Hualmay,PE,2021-10-25 17:43:07,-11.0964,-77.6139,67.91,70,38,11.83
255,Gambo,CF,2021-10-25 17:50:28,4.6482,22.2633,74.41,85,73,0.29
256,Nautla,MX,2021-10-25 17:41:29,20.2167,-96.7833,85.37,71,77,4.7
257,Cherskiy,RU,2021-10-25 17:42:18,68.75,161.3,-16.4,98,97,2.01
258,Tiksi,RU,2021-10-25 17:42:07,71.6872,128.8694,2.7,95,100,4.45
259,Omboue,GA,2021-10-25 17:50:29,-1.5746,9.2618,77.43,87,100,9.62
260,Pecanha,BR,2021-10-25 17:50:29,-18.5486,-42.5569,74.95,76,92,8.81
261,Beloslav,BG,2021-10-25 17:50:29,43.1833,27.7,46.51,66,0,5.75
262,Peace River,CA,2021-10-25 17:50:30,56.2501,-117.286,43.11,93,90,10.36
263,Nanga Eboko,CM,2021-10-25 17:50:30,4.6833,12.3667,70.99,96,98,3.96
264,Bethel,US,2021-10-25 17:41:27,41.3712,-73.414,71.69,81,75,8.05
265,Konevo,RU,2021-10-25 17:50:31,62.1215,39.3192,30.4,97,100,6.78
266,Graaff-Reinet,ZA,2021-10-25 17:50:31,-32.2522,24.5308,60.71,64,0,15.59
267,Ancud,CL,2021-10-25 17:41:45,-41.8697,-73.8203,58.42,86,100,12.1
268,Lima,PE,2021-10-25 17:45:59,-12.0432,-77.0282,64.13,72,90,8.05
269,Santa Cruz,BO,2021-10-25 17:50:32,-17.8,-63.1667,80.65,47,75,4.61
270,Westport,US,2021-10-25 17:38:26,41.1415,-73.3579,75.09,74,1,1.99
271,Manono,CD,2021-10-25 17:42:55,-7.3,27.4167,69.84,89,83,8.86
272,Guerrero Negro,MX,2021-10-25 17:44:13,27.9769,-114.0611,70.05,65,27,13.47
273,Izazi,TZ,2021-10-25 17:50:32,-7.2,35.7333,79.63,30,41,7.94
274,Port-De-Bouc,FR,2021-10-25 17:50:33,43.4,4.9833,61.59,82,0,5.75
275,Bailieborough,IE,2021-10-25 17:50:33,53.9167,-6.9667,48.43,94,43,7.74
276,Urusha,RU,2021-10-25 17:50:33,54.05,122.9,32.94,85,100,1.7
277,Kavieng,PG,2021-10-25 17:41:40,-2.5744,150.7967,81.16,76,12,4.18
278,Wenling,CN,2021-10-25 17:50:34,28.3669,121.36,58.91,80,98,7.09
279,Moron,AR,2021-10-25 17:48:51,-34.6534,-58.6198,87.8,23,1,5.99
280,Monteagudo,BO,2021-10-25 17:50:35,-19.8167,-63.9833,82.18,12,1,9.8
281,Moussoro,TD,2021-10-25 17:50:35,13.6408,16.4901,94.62,14,14,12.44
282,Joensuu,FI,2021-10-25 17:50:35,62.6012,29.7632,43.29,96,90,2.3
283,Tayu,ID,2021-10-25 17:50:36,-6.5397,111.0518,78.17,80,29,6.49
284,Faya,SA,2021-10-25 17:50:36,18.3851,42.4509,66.31,72,22,3.71
285,Olinda,BR,2021-10-25 17:50:36,-8.0089,-34.8553,85.73,66,40,11.5
286,Yulara,AU,2021-10-25 17:42:10,-25.2406,130.9889,75.04,29,54,9.22
287,Sabya,SA,2021-10-25 17:50:37,17.1495,42.6254,89.22,59,47,3.6
288,Thinadhoo,MV,2021-10-25 17:43:15,0.5333,72.9333,83.86,71,100,15.17
289,Naze,JP,2021-10-25 17:48:20,28.3667,129.4833,66.79,66,30,12.59
290,San Pedro,PH,2021-10-25 17:50:37,14.35,121.0167,76.35,89,20,2.3
291,Pimentel,PE,2021-10-25 17:50:38,-6.8367,-79.9342,71.89,60,0,16.11
292,Huamachuco,PE,2021-10-25 17:50:38,-7.8,-78.0667,65.53,44,70,4.45
293,Hofn,IS,2021-10-25 17:41:43,64.2539,-15.2082,35.62,66,20,5.75
294,Zhezkazgan,KZ,2021-10-25 17:50:39,47.8043,67.7144,48.22,39,100,7.36
295,Trairi,BR,2021-10-25 17:46:26,-3.2778,-39.2689,85.98,55,50,15.99
296,Seredeyskiy,RU,2021-10-25 17:50:39,54.0507,35.2318,31.03,78,35,7.58
297,Nanortalik,GL,2021-10-25 17:43:49,60.1432,-45.2371,32.85,67,21,5.77
298,Iqaluit,CA,2021-10-25 17:41:50,63.7506,-68.5145,33.53,69,75,6.91
299,Arcata,US,2021-10-25 17:50:40,40.8665,-124.0828,57.92,90,90,4.0
300,Gat,IL,2021-10-25 17:43:21,31.61,34.7642,72.28,100,1,7.43
301,Sankeshwar,IN,2021-10-25 17:50:40,16.2667,74.4833,74.44,72,97,0.29
302,Voi,KE,2021-10-25 17:50:41,-3.3945,38.563,75.56,68,88,10.33
303,Clyde River,CA,2021-10-25 17:41:15,70.4692,-68.5914,23.23,58,75,3.44
304,Alihe,CN,2021-10-25 17:50:41,50.5667,123.7167,33.76,81,48,3.06
305,Lasa,IT,2021-10-25 17:43:42,46.6166,10.7002,54.34,50,100,1.88
306,Seymchan,RU,2021-10-25 17:50:42,62.8833,152.4333,3.04,89,85,1.36
307,Vila Franca Do Campo,PT,2021-10-25 17:42:54,37.7167,-25.4333,70.21,71,81,2.91
308,San Policarpo,PH,2021-10-25 17:50:42,12.1791,125.5072,80.26,83,72,8.28
309,Brovst,DK,2021-10-25 17:50:43,57.0956,9.528,53.13,93,75,10.36
310,Edd,ER,2021-10-25 17:50:43,13.9297,41.6925,89.87,52,5,14.41
311,Esperance,AU,2021-10-25 17:42:04,-33.8667,121.9,51.64,82,99,11.03
312,Sanok,PL,2021-10-25 17:50:43,49.5557,22.2056,44.1,100,5,6.93
313,Tuy Hoa,VN,2021-10-25 17:47:54,13.0833,109.3,76.33,91,100,14.36
314,Kloulklubed,PW,2021-10-25 17:50:44,7.0419,134.2556,83.68,62,84,8.05
315,Yumen,CN,2021-10-25 17:50:45,40.2833,97.2,39.72,45,77,1.54
316,Fairbanks,US,2021-10-25 17:38:55,64.8378,-147.7164,27.23,91,90,3.44
317,Alofi,NU,2021-10-25 17:43:18,-19.0595,-169.9187,66.09,94,75,3.44
318,Port Macquarie,AU,2021-10-25 17:42:58,-31.4333,152.9167,62.56,85,13,7.52
319,Zhumadian,CN,2021-10-25 17:50:45,32.9794,114.0294,55.65,72,86,3.65
320,Lavrentiya,RU,2021-10-25 17:43:20,65.5833,-171.0,17.46,80,100,10.04
321,Los Llanos De Aridane,ES,2021-10-25 17:43:12,28.6585,-17.9182,69.55,71,75,8.01
322,Richards Bay,ZA,2021-10-25 17:42:18,-28.783,32.0377,64.45,87,100,4.72
323,Geraldton,AU,2021-10-25 17:43:11,-28.7667,114.6,54.01,94,90,4.61
324,Necochea,AR,2021-10-25 17:43:52,-38.5473,-58.7368,67.03,48,2,13.47
325,Homer,US,2021-10-25 17:50:46,59.6425,-151.5483,35.08,93,75,4.61
326,Ozinki,RU,2021-10-25 17:50:47,51.1786,49.6769,36.77,71,85,15.66
327,Chuy,UY,2021-10-25 17:42:41,-33.6971,-53.4616,79.07,44,0,18.66
328,Pochutla,MX,2021-10-25 17:50:47,15.7432,-96.4661,89.82,59,62,6.38
329,Krasnoselkup,RU,2021-10-25 17:50:47,65.7,82.4667,15.19,93,97,9.8
330,Wencheng,CN,2021-10-25 17:50:48,33.0559,113.7978,55.96,70,89,3.02
331,Caranavi,BO,2021-10-25 17:50:48,-15.8167,-67.55,81.28,34,29,5.95
332,General Roca,AR,2021-10-25 17:50:49,-39.0333,-67.5833,84.61,22,98,33.13
333,Jaguey Grande,CU,2021-10-25 17:50:49,22.5269,-81.1286,91.0,50,98,7.05
334,Caluquembe,AO,2021-10-25 17:50:49,-13.7833,14.6833,69.89,49,71,13.22
335,Saiha,IN,2021-10-25 17:50:50,22.4833,92.9667,67.77,96,99,1.86
336,Mount Isa,AU,2021-10-25 17:42:45,-20.7333,139.5,74.97,46,46,0.0
337,Biloela,AU,2021-10-25 17:50:50,-24.4167,150.5,68.81,89,100,4.83
338,Iranshahr,IR,2021-10-25 17:50:50,27.2025,60.6848,77.34,47,40,4.61
339,Hunterville,NZ,2021-10-25 17:50:51,-39.9333,175.5667,57.7,95,83,3.13
340,Atherton,GB,2021-10-25 17:46:11,53.5237,-2.4935,52.75,80,40,1.99
341,Taltal,CL,2021-10-25 17:43:22,-25.4,-70.4833,62.82,70,29,3.94
342,Imeni Poliny Osipenko,RU,2021-10-25 17:50:51,52.4201,136.4853,29.46,93,15,4.43
343,Marzuq,YE,2021-10-25 17:50:52,14.4,46.4667,73.33,58,1,4.63
344,Mechetinskaya,RU,2021-10-25 17:50:52,46.7713,40.456,36.48,79,38,6.87
345,Balgazyn,RU,2021-10-25 17:50:52,51.0,95.2,34.92,60,36,2.04
346,Floriano,BR,2021-10-25 17:50:53,-6.7669,-43.0225,100.33,29,63,6.44
347,Castelldefels,ES,2021-10-25 17:50:53,41.2779,1.9703,66.78,84,20,1.14
348,Siemiatycze,PL,2021-10-25 17:50:54,52.4272,22.8623,41.25,61,34,9.17
349,Kutum,SD,2021-10-25 17:43:23,14.2,24.6667,79.54,18,82,12.46
350,Igarka,RU,2021-10-25 17:50:54,67.4667,86.5833,14.29,95,88,9.78
351,Biltine,TD,2021-10-25 17:50:54,14.5333,20.9167,90.23,17,5,8.12
352,Tevaitoa,PF,2021-10-25 17:50:55,-16.7833,-151.5,78.35,79,98,5.84
353,Sagauli,IN,2021-10-25 17:50:55,26.7833,84.7333,71.04,68,0,6.06
354,Palompon,PH,2021-10-25 17:50:56,11.0508,124.3843,79.09,83,46,4.23
355,Namibe,AO,2021-10-25 17:43:39,-15.1961,12.1522,65.89,79,15,10.92
356,Gejiu,CN,2021-10-25 17:42:44,23.306,103.1635,50.05,97,77,3.89
357,Najran,SA,2021-10-25 17:50:56,17.4924,44.1277,72.25,15,26,2.55
358,Nome,US,2021-10-25 17:38:48,64.5011,-165.4064,24.87,80,20,12.66
359,Taitung,TW,2021-10-25 17:50:57,22.7583,121.1444,73.67,81,58,9.69
360,Rio Gallegos,AR,2021-10-25 17:46:39,-51.6226,-69.2181,50.05,27,40,40.29
361,Lakatoro,VU,2021-10-25 17:50:57,-16.0999,167.4164,77.29,84,7,7.27
362,Gumdag,TM,2021-10-25 17:50:58,39.2061,54.5906,60.31,69,26,13.94
363,Bella Union,UY,2021-10-25 17:50:58,-30.2752,-57.6007,85.14,28,0,9.46
364,Ketchikan,US,2021-10-25 17:46:57,55.3422,-131.6461,45.07,81,20,5.75
365,Kushmurun,KZ,2021-10-25 17:50:58,52.4503,64.6311,48.83,58,100,10.11
366,Acapulco,MX,2021-10-25 17:42:29,16.8634,-99.8901,76.82,88,90,4.61
367,High Prairie,CA,2021-10-25 17:43:08,55.4334,-116.4858,43.9,86,100,7.07
368,Olafsvik,IS,2021-10-25 17:42:40,64.8945,-23.7142,35.53,68,87,11.86
369,Constitucion,CL,2021-10-25 17:43:55,-35.3333,-72.4167,66.47,56,72,20.89
370,Karaj,IR,2021-10-25 17:50:59,35.8355,51.0103,58.78,23,0,9.22
371,Lata,PT,2021-10-25 17:51:00,40.1629,-8.3327,63.01,78,55,3.04
372,Senneterre,CA,2021-10-25 17:51:00,48.3835,-77.2328,43.02,51,46,8.08
373,Hun,LY,2021-10-25 17:51:00,29.1268,15.9477,78.19,33,5,6.87
374,Eydhafushi,MV,2021-10-25 17:51:01,5.1033,73.0708,81.3,80,77,11.7
375,Sayyan,YE,2021-10-25 17:51:02,15.1718,44.3244,59.85,27,3,1.99
376,Kuala Kedah,MY,2021-10-25 17:51:03,6.1,100.3,78.78,94,20,0.0
377,Lazaro Cardenas,MX,2021-10-25 17:48:54,17.9583,-102.2,79.79,79,100,7.29
378,Menongue,AO,2021-10-25 17:51:03,-14.6585,17.691,70.12,64,87,6.96
379,Batagay,RU,2021-10-25 17:51:04,67.6333,134.6333,-2.13,99,75,1.95
380,Mokhotlong,LS,2021-10-25 17:51:04,-29.2894,29.0675,46.54,83,100,0.56
381,Evensk,RU,2021-10-25 17:43:02,61.95,159.2333,15.13,86,100,7.05
382,Tomatlan,MX,2021-10-25 17:51:05,19.9333,-105.25,88.92,56,95,0.87
383,Victoria Point,AU,2021-10-25 17:51:05,-27.5833,153.3,70.95,91,100,1.01
384,Perevolotskiy,RU,2021-10-25 17:51:06,51.8763,54.1938,38.82,81,77,14.09
385,Sakakah,SA,2021-10-25 17:44:12,29.9697,40.2064,78.37,22,0,9.01
386,Natitingou,BJ,2021-10-25 17:51:06,10.3042,1.3796,84.25,50,20,0.63
387,Kitgum,UG,2021-10-25 17:51:06,3.2783,32.8867,77.18,54,89,2.51
388,Abu Kamal,SY,2021-10-25 17:51:07,34.4506,40.9171,73.47,26,0,7.27
389,Rennes,FR,2021-10-25 17:51:07,48.1667,-1.6667,56.57,100,20,2.3
390,Camabatela,AO,2021-10-25 17:51:08,-8.1881,15.375,63.3,98,100,2.42
391,Manggar,ID,2021-10-25 17:51:08,-2.8833,108.2667,80.1,78,36,1.68
392,Pangnirtung,CA,2021-10-25 17:42:05,66.1451,-65.7125,24.8,74,75,0.0
393,Shangqiu,CN,2021-10-25 17:51:08,34.45,115.65,56.07,68,96,4.92
394,Buenos Aires,AR,2021-10-25 17:47:21,-34.6132,-58.3772,87.78,22,0,9.22
395,Bardiyah,LY,2021-10-25 17:51:09,31.7561,25.0865,71.01,73,50,18.3
396,Gbadolite,CD,2021-10-25 17:51:10,4.2833,21.0167,75.04,91,74,1.39
397,Hovd,MN,2021-10-25 17:51:10,48.0056,91.6419,33.94,49,13,1.59
398,Arroyo,ES,2021-10-25 17:51:10,41.6096,-4.7969,62.08,52,0,5.75
399,Balad,IQ,2021-10-25 17:51:11,34.0164,44.1453,71.37,25,0,3.27
400,Wilmington,US,2021-10-25 17:49:06,34.2257,-77.9447,75.92,79,100,3.44
401,Manama,BH,2021-10-25 17:51:11,26.2154,50.5832,84.34,46,0,6.91
402,Hokitika,NZ,2021-10-25 17:51:11,-42.7167,170.9667,54.75,87,31,5.64
403,Rodrigues Alves,BR,2021-10-25 17:51:12,-7.738,-72.6509,71.8,66,100,6.17
404,Storforshei,NO,2021-10-25 17:50:19,66.4043,14.5233,38.66,100,75,2.3
405,Pangkalanbuun,ID,2021-10-25 17:43:00,-2.6833,111.6167,74.86,93,92,1.45
406,Maumere,ID,2021-10-25 17:51:13,-8.6199,122.2111,79.88,82,99,2.28
407,Dudinka,RU,2021-10-25 17:42:14,69.4058,86.1778,16.54,94,100,12.24
408,Kasama,ZM,2021-10-25 17:51:13,-10.2129,31.1808,78.8,20,99,5.3
409,Milkovo,RU,2021-10-25 17:51:14,54.7167,158.6167,25.81,80,92,7.47
410,Himare,AL,2021-10-25 17:51:14,40.1017,19.7447,64.38,60,57,5.93
411,Cockburn Town,TC,2021-10-25 17:41:59,21.4612,-71.1419,85.96,66,40,11.5
412,Namie,JP,2021-10-25 17:51:14,37.4833,141.0,57.72,91,100,12.37
413,Yanam,IN,2021-10-25 17:51:15,16.7333,82.2167,75.67,85,17,3.4
414,Horodkivka,UA,2021-10-25 17:51:15,49.9068,28.9847,38.21,50,6,7.63
415,Bontang,ID,2021-10-25 17:51:16,0.1333,117.5,77.0,87,44,3.53
416,Kang,BW,2021-10-25 17:51:16,-23.6752,22.7876,81.43,9,37,7.45
417,Cooma,AU,2021-10-25 17:51:16,-36.2333,149.1333,33.57,93,4,5.75
418,Clonakilty,IE,2021-10-25 17:51:17,51.6231,-8.8706,51.1,84,100,10.51
419,Grand-Santi,GF,2021-10-25 17:51:17,4.25,-54.3833,80.74,93,81,4.09
420,Pangody,RU,2021-10-25 17:51:18,65.85,74.4859,20.44,94,81,7.96
421,Halifax,CA,2021-10-25 17:39:48,44.6453,-63.5724,52.21,67,90,1.01
422,Labytnangi,RU,2021-10-25 17:43:35,66.6572,66.4183,12.83,91,83,4.72
423,Zharkent,KZ,2021-10-25 17:51:18,44.1628,80.0,48.42,37,0,1.61
424,Ponta Delgada,PT,2021-10-25 17:41:59,37.7333,-25.6667,70.52,73,20,6.91
425,Anadyr,RU,2021-10-25 17:51:19,64.75,177.4833,-12.26,96,81,9.19
426,Beya,RU,2021-10-25 17:51:19,53.0533,90.9139,45.48,64,100,6.6
427,Buncrana,IE,2021-10-25 17:51:19,55.1333,-7.45,51.62,85,69,10.65
428,Mehamn,NO,2021-10-25 17:51:20,71.0357,27.8492,32.18,90,44,26.75
429,Esso,RU,2021-10-25 17:51:20,55.9333,158.7,20.43,92,100,4.92
430,Benalla,AU,2021-10-25 17:51:21,-36.55,145.9833,40.75,89,0,3.76
431,Mega,ET,2021-10-25 17:51:21,4.05,38.3,61.05,82,99,7.02
432,Laguna,US,2021-10-25 17:51:21,38.421,-121.4238,62.47,82,1,4.0
433,Wajir,KE,2021-10-25 17:51:22,1.7471,40.0573,81.1,64,82,13.0
434,Chumikan,RU,2021-10-25 17:51:22,54.7183,135.315,38.19,81,68,15.64
435,Chengde,CN,2021-10-25 17:51:22,40.9725,117.9361,48.65,75,96,2.86
436,Coulommiers,FR,2021-10-25 17:51:23,48.8145,3.085,55.74,96,96,1.01
437,Hammerfest,NO,2021-10-25 17:51:23,70.6634,23.6821,33.53,80,75,13.8
438,Lyubinskiy,RU,2021-10-25 17:51:23,55.1542,72.6925,44.28,75,100,13.67
439,Morganton,US,2021-10-25 17:48:22,35.7454,-81.6848,78.67,59,40,3.0
440,Chiria,IN,2021-10-25 17:51:24,22.3,85.2667,65.89,78,5,0.6
441,Kizukuri,JP,2021-10-25 17:51:24,40.8061,140.3861,48.11,93,100,4.43
442,Montero,BO,2021-10-25 17:51:25,-17.3333,-63.25,82.08,18,100,5.03
443,Chissamba,AO,2021-10-25 17:51:25,-12.1667,17.3333,67.6,74,98,3.69
444,Putina,PE,2021-10-25 17:51:25,-15.4667,-69.4333,53.83,26,40,6.53
445,Yenagoa,NG,2021-10-25 17:42:37,4.9247,6.2642,77.79,89,100,4.61
446,Varia,FR,2021-10-25 17:51:26,44.5725,-0.1104,61.43,83,100,4.97
447,Arawa,PG,2021-10-25 17:51:26,-6.2132,155.5367,75.61,90,47,2.89
448,Newtonmore,GB,2021-10-25 17:51:26,57.066,-4.1192,42.98,88,55,7.45
449,Megalopoli,GR,2021-10-25 17:51:27,37.4011,22.1422,55.85,78,100,9.73
450,Lahaina,US,2021-10-25 17:51:27,20.8783,-156.6825,74.44,65,20,12.28
451,Lagoa,PT,2021-10-25 17:51:28,39.05,-27.9833,66.92,72,68,7.96
452,Monrovia,LR,2021-10-25 17:51:28,6.3005,-10.7969,82.17,79,81,7.54
453,Lingdong,CN,2021-10-25 17:51:28,46.5669,131.1453,42.67,60,17,6.17
454,Guanica,PR,2021-10-25 17:51:29,17.9716,-66.908,90.32,63,7,11.99
455,Plettenberg Bay,ZA,2021-10-25 17:42:30,-34.0527,23.3716,60.04,90,5,10.45
456,Karratha,AU,2021-10-25 17:41:44,-20.7377,116.8463,77.43,40,6,13.02
457,Chegdomyn,RU,2021-10-25 17:43:52,51.1167,133.0167,27.88,94,0,2.8
458,Kernersville,US,2021-10-25 17:51:30,36.1199,-80.0736,77.49,71,75,5.99
459,Vanavara,RU,2021-10-25 17:51:30,60.34,102.2797,32.99,99,100,8.72
460,Puteyets,RU,2021-10-25 17:51:30,65.1716,57.091,22.96,96,99,5.06
461,Carbonia,IT,2021-10-25 17:51:31,39.1672,8.5222,68.95,76,99,0.58
462,Awjilah,LY,2021-10-25 17:51:31,29.1081,21.2869,82.26,25,73,14.47
463,Bosobolo,CD,2021-10-25 17:51:31,4.1833,19.9,74.59,86,56,1.07
464,Quang Ngai,VN,2021-10-25 17:51:32,15.1167,108.8,73.78,92,100,6.29
465,Cantaura,VE,2021-10-25 17:51:32,9.3057,-64.3584,77.86,80,80,11.5
466,Inyonga,TZ,2021-10-25 17:51:32,-6.7167,32.0667,77.94,41,100,3.09
467,Cruzeiro Do Sul,BR,2021-10-25 17:51:33,-29.5128,-51.9853,85.51,37,0,6.55
468,Middlebury,US,2021-10-25 17:51:33,44.0153,-73.1673,46.56,96,100,2.15
469,Jodhpur,IN,2021-10-25 17:51:33,26.2867,73.03,76.24,39,49,9.31
470,Inhambane,MZ,2021-10-25 17:43:26,-23.865,35.3833,75.18,88,40,0.0
471,Matara,LK,2021-10-25 17:51:34,5.9485,80.5353,76.57,92,100,8.55
472,Wyndham,US,2021-10-25 17:51:34,37.6985,-77.6125,80.06,70,20,1.99
473,Hami,CN,2021-10-25 17:51:35,42.8,93.45,48.22,33,0,4.59
474,Stokmarknes,NO,2021-10-25 17:51:35,68.5646,14.9108,42.49,93,90,8.05
475,Sagua La Grande,CU,2021-10-25 17:51:35,22.8067,-80.0756,88.45,58,93,4.03
476,Pacific Grove,US,2021-10-25 17:42:13,36.6177,-121.9166,60.91,90,75,5.01
477,Ustye,RU,2021-10-25 17:51:36,59.6304,39.736,35.55,97,100,13.65
478,Harper,LR,2021-10-25 17:42:30,4.375,-7.7169,78.82,78,91,9.55
479,Prince Rupert,CA,2021-10-25 17:41:26,54.3161,-130.3201,49.69,81,98,6.91
480,Banff,CA,2021-10-25 17:51:36,51.1762,-115.5698,46.9,75,82,5.75
481,Rocha,UY,2021-10-25 17:43:53,-34.4833,-54.3333,78.01,46,0,15.1
482,Sovetskaya Gavan,RU,2021-10-25 17:51:37,48.9723,140.2878,37.94,74,2,5.66
483,Sechura,PE,2021-10-25 17:43:05,-5.5569,-80.8222,78.37,55,48,11.32
484,Salto,UY,2021-10-25 17:51:37,-31.3833,-57.9667,86.16,34,0,10.0
485,Virginia Beach,US,2021-10-25 17:48:09,36.8529,-75.978,77.02,90,100,4.0
486,Kazachinskoye,RU,2021-10-25 17:51:38,57.6953,93.2761,45.14,64,99,15.97
487,Tura,IN,2021-10-25 17:42:31,25.5198,90.2201,66.87,94,0,2.73
488,Rutul,RU,2021-10-25 17:51:38,41.5357,47.4239,40.1,97,100,2.39
489,Koumac,NC,2021-10-25 17:51:39,-20.5667,164.2833,70.65,78,2,4.81
490,Touros,BR,2021-10-25 17:43:44,-5.1989,-35.4608,88.7,57,5,17.65
491,Bouna,CI,2021-10-25 17:51:39,9.2667,-3.0,80.35,70,37,5.77
492,Hidrolandia,BR,2021-10-25 17:51:40,-4.4081,-40.4378,101.16,20,15,6.82
493,Grindavik,IS,2021-10-25 17:49:05,63.8424,-22.4338,39.67,81,75,5.75
494,Mahoba,IN,2021-10-25 17:51:40,25.2833,79.8667,76.5,45,5,1.32
495,Nueve De Julio,AR,2021-10-25 17:51:40,-35.4444,-60.8831,80.71,19,13,14.72
496,Muros,ES,2021-10-25 17:51:41,42.7762,-9.0603,63.23,86,17,8.28
497,Adrar,MR,2021-10-25 17:43:28,20.5022,-10.0711,91.98,17,18,6.44
498,Akdepe,TM,2021-10-25 17:42:47,42.0551,59.3788,53.6,26,23,5.7
499,Batsfjord,NO,2021-10-25 17:51:41,70.6345,29.7185,33.8,92,54,19.06
500,Swellendam,ZA,2021-10-25 17:51:42,-34.0226,20.4417,61.18,73,17,14.61
501,Broome,US,2021-10-25 17:42:26,42.2506,-75.833,73.47,61,55,1.99
502,Tamiahua,MX,2021-10-25 17:51:42,21.2667,-97.45,84.97,73,87,2.62
503,Ardakan,IR,2021-10-25 17:51:43,32.31,54.0175,62.98,20,0,0.94
504,Tual,ID,2021-10-25 17:49:46,-5.6667,132.75,82.89,72,72,3.44
505,Acarau,BR,2021-10-25 17:51:43,-2.8856,-40.12,87.31,56,16,21.36
506,Yola,NG,2021-10-25 17:51:44,9.2,12.4833,87.24,43,68,3.29
507,Bubaque,GW,2021-10-25 17:42:03,11.2833,-15.8333,83.28,73,100,6.31
508,Pisco,PE,2021-10-25 17:42:21,-13.7,-76.2167,66.02,77,13,11.5
509,Narok,KE,2021-10-25 17:51:44,-1.0783,35.8601,68.11,43,95,12.97
510,Zelenogorskiy,RU,2021-10-25 17:51:45,55.0333,87.0,46.92,69,96,7.34
511,Launceston,AU,2021-10-25 17:44:01,-41.45,147.1667,47.84,81,90,12.66
512,Awbari,LY,2021-10-25 17:51:45,26.5921,12.7805,78.22,25,2,9.06
513,Darhan,MN,2021-10-25 17:49:47,49.4867,105.9228,34.93,74,7,7.9
514,Mlonggo,ID,2021-10-25 17:51:46,-6.5333,110.7,77.52,76,21,8.93
515,Boa Vista,BR,2021-10-25 17:41:47,2.8197,-60.6733,87.78,58,75,6.91
516,Oda,JP,2021-10-25 17:51:46,35.1833,132.5,53.98,82,0,3.47
517,Benguela,AO,2021-10-25 17:51:47,-12.5763,13.4055,74.57,74,77,7.14
518,Beeville,US,2021-10-25 17:51:47,28.4008,-97.7483,91.29,74,75,0.0
519,Vardo,NO,2021-10-25 17:51:47,70.3705,31.1107,33.78,80,75,13.8
520,Oussouye,SN,2021-10-25 17:51:48,12.485,-16.5469,91.58,81,99,4.97
521,Ulaangom,MN,2021-10-25 17:42:50,49.9811,92.0667,32.58,76,20,2.46
522,Takoradi,GH,2021-10-25 17:43:47,4.8845,-1.7554,79.3,86,49,10.85
523,Poum,NC,2021-10-25 17:51:48,-20.2333,164.0167,74.07,72,9,15.7
524,Bischwiller,FR,2021-10-25 17:51:49,48.7659,7.8583,54.75,87,0,1.14
525,Charters Towers,AU,2021-10-25 17:51:49,-20.1,146.2667,70.39,85,98,9.71
526,Severo-Yeniseyskiy,RU,2021-10-25 17:51:49,60.3725,93.0408,32.95,97,100,12.8
527,Hirtshals,DK,2021-10-25 17:51:50,57.5881,9.9592,51.62,91,74,16.35
528,Okitipupa,NG,2021-10-25 17:51:50,6.5047,4.7839,76.39,94,71,3.51
529,Kruisfontein,ZA,2021-10-25 17:42:47,-34.0033,24.7314,61.88,83,1,12.41
530,Ornskoldsvik,SE,2021-10-25 17:51:51,63.2909,18.7153,31.15,100,90,0.0
531,Bouca,CF,2021-10-25 17:51:51,6.5105,18.2733,73.92,87,87,2.55
532,Tessalit,ML,2021-10-25 17:51:51,20.1986,1.0114,91.72,16,77,14.72
533,Tobol,KZ,2021-10-25 17:51:52,52.6844,62.5794,38.59,95,100,11.72
534,Derzhavinsk,KZ,2021-10-25 17:51:52,51.1,66.3167,50.11,44,100,14.23
535,Tombouctou,ML,2021-10-25 17:51:52,20.0,-3.0,92.37,16,57,8.34
536,Kavaratti,IN,2021-10-25 17:42:11,10.5669,72.642,82.54,75,43,15.61
537,Maragogi,BR,2021-10-25 17:51:53,-9.0122,-35.2225,82.42,61,21,11.01
538,Luderitz,NA,2021-10-25 17:51:53,-26.6481,15.1594,59.59,81,9,4.63
539,Berlevag,NO,2021-10-25 17:51:54,70.8578,29.0864,26.55,80,20,9.22
540,Morgan City,US,2021-10-25 17:43:49,29.6994,-91.2068,86.0,61,8,7.67
541,Morehead,US,2021-10-25 17:51:54,37.2711,-87.1764,57.31,74,90,8.99
542,Hervey Bay,AU,2021-10-25 17:51:54,-25.2986,152.8535,71.04,91,100,7.99
543,La Palma,US,2021-10-25 17:51:55,33.8464,-118.0467,66.04,89,90,1.01
544,Cervo,ES,2021-10-25 17:51:55,43.6702,-7.4101,58.19,82,35,4.56
545,Ariquemes,BR,2021-10-25 17:51:55,-9.9133,-63.0408,80.65,81,99,4.05
546,Vite,IN,2021-10-25 17:51:56,17.2833,74.55,76.42,55,92,4.9
547,Sungurlu,TR,2021-10-25 17:51:56,40.1675,34.3739,43.02,61,3,8.84
548,Wadena,US,2021-10-25 17:51:56,46.4425,-95.1361,46.18,57,1,10.36
549,Champasak,LA,2021-10-25 17:51:57,14.75,106.0,67.98,97,79,0.65
550,Wick,GB,2021-10-25 17:51:57,58.4333,-3.0833,48.65,76,20,10.36
551,Verkhnevilyuysk,RU,2021-10-25 17:50:47,63.4453,120.3167,32.32,98,100,5.1
552,Kathmandu,NP,2021-10-25 17:51:52,27.7167,85.3167,62.82,88,20,2.3
553,Orangeburg,US,2021-10-25 17:51:58,33.4918,-80.8557,80.49,75,79,5.99
554,Port Blair,IN,2021-10-25 17:51:58,11.6667,92.75,80.1,84,34,7.18
555,Jacareacanga,BR,2021-10-25 17:51:59,-6.2222,-57.7528,77.31,94,40,3.44
556,Dharchula,IN,2021-10-25 17:51:59,29.85,80.5333,56.01,52,0,7.07
557,Sorkjosen,NO,2021-10-25 17:51:59,69.8,20.9333,25.72,83,100,12.57
558,Staryy Nadym,RU,2021-10-25 17:52:00,65.6118,72.6842,24.64,87,99,8.52
559,Kralendijk,BQ,2021-10-25 17:52:00,12.15,-68.2667,87.78,62,40,20.71
560,Nalut,LY,2021-10-25 17:44:10,30.3333,10.85,69.98,35,0,8.68
561,Shubarkuduk,KZ,2021-10-25 17:52:00,49.1447,56.4872,41.72,65,71,14.16
562,Garh Maharaja,PK,2021-10-25 17:52:01,30.8339,71.9053,70.34,35,0,3.62
563,Egvekinot,RU,2021-10-25 17:52:02,66.3167,-179.1667,0.18,88,44,7.67
564,Manzhouli,CN,2021-10-25 17:52:02,49.6,117.4333,34.23,78,79,18.1
