City_ID,City,Country,Date,Lat,Lng,Max Temp,Humidity,Cloudiness,Wind Speed,Current Description
0,Yulara,AU,2021-10-27 14:59:23,-25.2406,130.9889,76.84,22,67,0.0,broken clouds
1,Bredasdorp,ZA,2021-10-27 14:59:23,-34.5322,20.0403,76.28,80,100,15.68,light rain
2,Hamilton,US,2021-10-27 14:58:52,39.1834,-84.5333,50.99,81,66,1.01,broken clouds
3,Butaritari,KI,2021-10-27 14:59:24,3.0707,172.7902,82.29,72,100,13.58,light rain
4,Aklavik,CA,2021-10-27 14:59:24,68.2191,-135.0107,27.32,95,100,5.35,overcast clouds
5,Alofi,NU,2021-10-27 14:59:24,-19.0595,-169.9187,73.29,73,42,11.5,scattered clouds
6,Paamiut,GL,2021-10-27 14:54:35,61.994,-49.6678,32.4,65,3,9.42,clear sky
7,Svetlaya,RU,2021-10-27 14:59:25,46.5389,138.3297,44.44,74,99,7.0,overcast clouds
8,Dudinka,RU,2021-10-27 14:59:25,69.4058,86.1778,-3.06,97,98,11.99,overcast clouds
9,Champerico,GT,2021-10-27 14:59:26,14.3,-91.9167,88.36,83,40,5.99,scattered clouds
10,Oktyabrskiy,RU,2021-10-27 14:59:26,54.4815,53.471,39.38,63,100,15.17,overcast clouds
11,Ushuaia,AR,2021-10-27 14:57:11,-54.8,-68.3,49.66,57,75,5.75,broken clouds
12,Guarapari,BR,2021-10-27 14:54:37,-20.6667,-40.4975,84.09,70,75,13.35,broken clouds
13,Urubicha,BO,2021-10-27 14:54:37,-15.3833,-62.95,96.93,31,55,1.86,broken clouds
14,Bambous Virieux,MU,2021-10-27 14:54:37,-20.3428,57.7575,75.45,69,20,10.36,few clouds
15,Albany,US,2021-10-27 14:59:27,42.6001,-73.9662,55.81,76,94,10.49,overcast clouds
16,Puerto Ayora,EC,2021-10-27 14:59:27,-0.7393,-90.3518,69.76,99,94,3.0,light rain
17,Koungou,YT,2021-10-27 14:59:28,-12.7336,45.2042,82.11,65,0,4.61,clear sky
18,Arraial Do Cabo,BR,2021-10-27 14:59:28,-22.9661,-42.0278,78.76,83,75,13.8,light rain
19,Punta Arenas,CL,2021-10-27 14:59:28,-53.15,-70.9167,51.91,66,75,28.77,broken clouds
20,Bluff,NZ,2021-10-27 14:59:29,-46.6,168.3333,53.28,84,38,2.8,scattered clouds
21,Hermanus,ZA,2021-10-27 14:59:29,-34.4187,19.2345,76.8,74,100,9.84,light rain
22,Leh,IN,2021-10-27 14:59:29,34.1667,77.5833,28.27,57,19,2.82,few clouds
23,Ribeira Grande,PT,2021-10-27 14:59:30,38.5167,-28.7,68.4,77,75,13.8,broken clouds
24,Chokurdakh,RU,2021-10-27 14:59:30,70.6333,147.9167,2.17,91,100,5.39,overcast clouds
25,Podosinovets,RU,2021-10-27 14:59:30,60.2776,47.0659,34.83,98,100,8.72,light rain
26,Ternate,ID,2021-10-27 14:59:31,0.8,127.4,81.32,78,14,3.49,few clouds
27,Belmonte,BR,2021-10-27 14:59:31,-15.8631,-38.8828,81.1,66,30,11.12,scattered clouds
28,Asau,RO,2021-10-27 14:59:32,46.4333,26.4,54.52,49,18,1.68,few clouds
29,Chara,RU,2021-10-27 14:59:32,56.9064,118.2631,29.01,55,100,2.24,overcast clouds
30,Petropavlivka,UA,2021-10-27 14:59:32,48.4564,36.4367,44.51,33,0,4.21,clear sky
31,Sampit,ID,2021-10-27 14:59:33,-2.5333,112.95,76.82,93,38,1.48,scattered clouds
32,Timbiqui,CO,2021-10-27 14:59:33,2.7717,-77.6654,82.35,76,95,3.71,overcast clouds
33,Yumen,CN,2021-10-27 14:59:33,40.2833,97.2,45.84,36,79,10.45,broken clouds
34,Mukhen,RU,2021-10-27 14:59:34,48.1,136.1,40.57,89,100,2.86,light rain
35,Shush,IR,2021-10-27 14:59:34,32.1942,48.2436,78.17,17,0,1.59,clear sky
36,Jamestown,US,2021-10-27 14:55:15,42.097,-79.2353,50.29,96,90,5.99,overcast clouds
37,Port Alfred,ZA,2021-10-27 14:59:35,-33.5906,26.891,67.87,79,100,40.96,overcast clouds
38,Touros,BR,2021-10-27 14:59:35,-5.1989,-35.4608,88.7,53,54,18.28,broken clouds
39,Geraldton,AU,2021-10-27 14:59:35,-28.7667,114.6,59.41,82,40,0.0,scattered clouds
40,Menongue,AO,2021-10-27 14:59:36,-14.6585,17.691,78.21,46,96,7.72,overcast clouds
41,Vostok,RU,2021-10-27 14:59:36,46.4856,135.8833,34.65,98,100,2.06,moderate rain
42,Provideniya,RU,2021-10-27 14:59:36,64.3833,-173.3,14.27,79,100,9.75,overcast clouds
43,Soe,ID,2021-10-27 14:59:37,-9.8607,124.284,69.21,86,87,3.47,overcast clouds
44,Cidreira,BR,2021-10-27 14:59:37,-30.1811,-50.2056,77.05,48,5,7.56,clear sky
45,Atar,MR,2021-10-27 14:59:37,20.5169,-13.0499,85.96,35,54,21.09,broken clouds
46,Edd,ER,2021-10-27 14:59:38,13.9297,41.6925,91.92,43,12,22.77,few clouds
47,Alice Springs,AU,2021-10-27 14:59:38,-23.7,133.8833,78.35,44,69,8.05,broken clouds
48,Nikolskoye,RU,2021-10-27 14:59:38,59.7035,30.7861,48.87,83,100,7.94,light rain
49,Rawson,AR,2021-10-27 14:58:43,-43.3002,-65.1023,76.17,30,36,10.22,scattered clouds
50,Iqaluit,CA,2021-10-27 14:59:39,63.7506,-68.5145,28.13,92,75,0.0,broken clouds
51,Mizque,BO,2021-10-27 14:59:39,-17.941,-65.3402,75.63,31,11,6.08,few clouds
52,Laredo,US,2021-10-27 14:59:02,27.5064,-99.5075,84.2,19,0,23.4,clear sky
53,Beringovskiy,RU,2021-10-27 14:59:40,63.05,179.3167,7.25,89,95,19.84,overcast clouds
54,Lebu,CL,2021-10-27 14:59:40,-37.6167,-73.65,57.65,76,2,16.28,clear sky
55,Tuktoyaktuk,CA,2021-10-27 14:59:41,69.4541,-133.0374,26.6,100,90,3.44,overcast clouds
56,Chuy,UY,2021-10-27 14:59:41,-33.6971,-53.4616,85.78,42,0,1.63,clear sky
57,Cabo San Lucas,MX,2021-10-27 14:59:41,22.8909,-109.9124,77.5,80,74,4.81,broken clouds
58,Deep River,CA,2021-10-27 14:59:42,46.1001,-77.4995,49.95,73,100,5.7,overcast clouds
59,Pangnirtung,CA,2021-10-27 14:59:42,66.1451,-65.7125,32.0,74,75,14.97,broken clouds
60,Upernavik,GL,2021-10-27 14:59:42,72.7868,-56.1549,23.56,60,100,5.03,overcast clouds
61,Gat,IL,2021-10-27 14:56:03,31.61,34.7642,76.41,51,0,12.21,clear sky
62,Kollo,NE,2021-10-27 14:59:43,13.3043,2.339,102.63,14,5,9.1,clear sky
63,Rikitea,PF,2021-10-27 14:59:43,-23.1203,-134.9692,72.81,78,100,3.8,overcast clouds
64,Kismayo,SO,2021-10-27 14:59:44,-0.3582,42.5454,79.75,78,7,13.67,clear sky
65,Clyde River,CA,2021-10-27 14:59:44,70.4692,-68.5914,34.03,80,90,6.91,overcast clouds
66,Hohhot,CN,2021-10-27 14:59:44,40.8106,111.6522,39.49,45,0,2.24,clear sky
67,Vaini,TO,2021-10-27 14:59:45,-21.2,-175.2,73.56,88,40,9.22,light rain
68,Broken Hill,AU,2021-10-27 14:59:45,-31.95,141.4333,74.91,22,66,12.66,broken clouds
69,Kenai,US,2021-10-27 14:59:46,60.5544,-151.2583,31.14,80,83,4.59,broken clouds
70,New Norfolk,AU,2021-10-27 14:59:46,-42.7826,147.0587,58.91,53,100,1.01,overcast clouds
71,Krasnoarmeyskiy,RU,2021-10-27 14:59:46,47.0114,42.2072,40.77,45,5,7.0,clear sky
72,Yellowknife,CA,2021-10-27 14:57:20,62.456,-114.3525,38.41,100,90,0.0,overcast clouds
73,Okhotsk,RU,2021-10-27 14:59:47,59.3833,143.3,20.3,88,67,6.78,broken clouds
74,Pacific Grove,US,2021-10-27 14:59:47,36.6177,-121.9166,57.61,87,0,1.99,clear sky
75,Carnarvon,AU,2021-10-27 14:59:48,-24.8667,113.6333,66.27,63,90,16.11,overcast clouds
76,Lamu,KE,2021-10-27 14:59:48,-2.2717,40.902,79.43,80,8,12.24,clear sky
77,Ombessa,CM,2021-10-27 14:59:48,4.603,11.2565,77.41,81,69,2.93,broken clouds
78,Nago,JP,2021-10-27 14:59:49,26.5881,127.9761,73.56,73,6,9.28,clear sky
79,Nanortalik,GL,2021-10-27 14:59:49,60.1432,-45.2371,38.5,58,0,1.59,clear sky
80,Dalby,AU,2021-10-27 14:59:49,-27.1833,151.2667,71.98,71,2,1.99,clear sky
81,Barrow,US,2021-10-27 14:59:50,71.2906,-156.7887,12.13,97,99,3.42,overcast clouds
82,Civitavecchia,IT,2021-10-27 14:59:50,42.0933,11.7967,71.19,75,94,5.75,overcast clouds
83,Ashbourne,IE,2021-10-27 14:59:51,53.5108,-6.4272,62.35,88,75,16.11,light rain
84,Araceli,PH,2021-10-27 14:59:51,10.5529,119.9913,83.16,77,100,18.48,overcast clouds
85,Avarua,CK,2021-10-27 14:59:51,-21.2078,-159.775,71.65,83,40,9.22,light intensity drizzle
86,Airai,TL,2021-10-27 14:59:52,-8.9266,125.4092,63.55,90,95,1.45,overcast clouds
87,Talnakh,RU,2021-10-27 14:59:52,69.4865,88.3972,3.99,94,100,15.1,overcast clouds
88,Lavrentiya,RU,2021-10-27 14:59:52,65.5833,-171.0,15.53,74,97,7.0,overcast clouds
89,Kendari,ID,2021-10-27 14:59:53,-3.945,122.4989,79.11,83,35,2.28,scattered clouds
90,Bengkulu,ID,2021-10-27 14:59:53,-3.8004,102.2655,77.23,85,100,2.95,overcast clouds
91,Atuona,PF,2021-10-27 14:59:53,-9.8,-139.0333,77.43,68,30,14.5,scattered clouds
92,Georgetown,MY,2021-10-27 14:56:48,5.4112,100.3354,82.89,82,40,3.0,scattered clouds
93,Rawdon,CA,2021-10-27 14:57:04,46.0501,-73.7159,49.96,50,100,12.5,overcast clouds
94,Hithadhoo,MV,2021-10-27 14:59:54,-0.6,73.0833,82.49,75,12,13.71,few clouds
95,Mataura,NZ,2021-10-27 14:59:54,-46.1927,168.8643,49.55,96,83,2.68,broken clouds
96,Santiago Del Estero,AR,2021-10-27 14:59:55,-27.7951,-64.2615,90.81,15,100,18.1,overcast clouds
97,Kapaa,US,2021-10-27 14:59:55,22.0752,-159.319,74.59,79,0,3.09,clear sky
98,Esperance,AU,2021-10-27 14:59:56,-33.8667,121.9,51.64,79,78,20.27,moderate rain
99,Glace Bay,CA,2021-10-27 14:59:56,46.1969,-59.957,51.6,82,90,8.01,overcast clouds
100,Saint-Joseph,RE,2021-10-27 14:59:57,-21.3667,55.6167,75.58,76,58,7.09,broken clouds
101,Baykit,RU,2021-10-27 14:59:57,61.67,96.37,21.51,84,100,16.64,overcast clouds
102,Kaitangata,NZ,2021-10-27 14:59:57,-46.2817,169.8464,48.9,95,70,3.0,broken clouds
103,Hobart,AU,2021-10-27 14:55:54,-42.8794,147.3294,59.27,83,100,10.36,overcast clouds
104,San Quintin,MX,2021-10-27 14:59:58,30.4833,-115.95,63.63,63,0,1.77,clear sky
105,Karratha,AU,2021-10-27 14:59:58,-20.7377,116.8463,75.25,53,0,14.18,clear sky
106,Luderitz,NA,2021-10-27 14:59:59,-26.6481,15.1594,67.21,61,100,7.18,overcast clouds
107,Isla Vista,US,2021-10-27 14:59:59,34.4133,-119.861,68.13,61,0,5.5,clear sky
108,Kudahuvadhoo,MV,2021-10-27 14:59:59,2.6708,72.8944,81.19,78,100,10.94,overcast clouds
109,Lompoc,US,2021-10-27 15:00:00,34.6391,-120.4579,61.41,68,0,20.0,clear sky
110,Cap Malheureux,MU,2021-10-27 15:00:00,-19.9842,57.6142,75.69,65,0,3.0,clear sky
111,Faanui,PF,2021-10-27 15:00:01,-16.4833,-151.75,78.91,79,77,5.61,light rain
112,Saint Anthony,US,2021-10-27 15:00:02,45.0205,-93.218,49.93,78,100,5.01,overcast clouds
113,Anloga,GH,2021-10-27 15:00:03,5.7947,0.8973,83.28,70,62,10.13,broken clouds
114,Ponta Do Sol,PT,2021-10-27 15:00:06,32.6667,-17.1,75.13,64,37,2.48,scattered clouds
115,Najran,SA,2021-10-27 15:00:09,17.4924,44.1277,76.62,17,0,12.75,clear sky
116,Tasiilaq,GL,2021-10-27 15:00:10,65.6145,-37.6368,26.44,71,19,6.46,few clouds
117,Dikson,RU,2021-10-27 15:00:12,73.5069,80.5464,8.83,92,66,3.38,broken clouds
118,Fortuna,US,2021-10-27 15:00:13,40.5982,-124.1573,59.36,74,90,1.01,overcast clouds
119,San Cristobal,VE,2021-10-27 15:00:14,7.7669,-72.225,71.44,84,100,4.61,overcast clouds
120,Adre,TD,2021-10-27 15:00:15,13.4667,22.2,92.1,19,8,1.43,clear sky
121,Yali,CO,2021-10-27 15:00:16,6.6746,-74.8343,68.58,94,94,0.49,moderate rain
122,Saskylakh,RU,2021-10-27 15:00:17,71.9167,114.0833,-15.43,100,100,2.73,overcast clouds
123,Lasa,IT,2021-10-27 15:00:18,46.6166,10.7002,57.94,53,4,2.64,clear sky
124,Hambantota,LK,2021-10-27 15:00:19,6.1241,81.1185,79.14,94,20,4.61,light rain
125,Grindavik,IS,2021-10-27 15:00:19,63.8424,-22.4338,43.27,81,40,10.36,scattered clouds
126,Naze,JP,2021-10-27 15:00:20,28.3667,129.4833,66.72,65,0,11.18,clear sky
127,Wenling,CN,2021-10-27 15:00:21,28.3669,121.36,66.9,78,98,8.32,overcast clouds
128,Olafsvik,IS,2021-10-27 14:57:15,64.8945,-23.7142,40.68,96,100,19.55,overcast clouds
129,Severo-Kurilsk,RU,2021-10-27 15:00:22,50.6789,156.125,43.14,93,100,2.46,overcast clouds
130,Safakulevo,RU,2021-10-27 15:00:23,54.9901,62.5442,33.21,74,100,9.4,overcast clouds
131,Pevek,RU,2021-10-27 15:00:23,69.7008,170.3133,10.35,94,100,13.29,light snow
132,Port Elizabeth,ZA,2021-10-27 15:00:24,-33.918,25.5701,73.09,73,100,30.8,overcast clouds
133,Eyl,SO,2021-10-27 15:00:25,7.9803,49.8164,80.47,72,16,11.23,few clouds
134,Norman Wells,CA,2021-10-27 15:00:26,65.282,-126.8329,24.53,94,100,4.85,overcast clouds
135,Sao Filipe,CV,2021-10-27 15:00:26,14.8961,-24.4956,79.59,74,42,9.1,scattered clouds
136,Lhokseumawe,ID,2021-10-27 15:00:27,5.1801,97.1507,79.39,83,96,3.13,overcast clouds
137,Mount Isa,AU,2021-10-27 15:00:16,-20.7333,139.5,82.17,57,26,5.75,scattered clouds
138,Port Macquarie,AU,2021-10-27 15:00:28,-31.4333,152.9167,71.49,88,90,5.75,overcast clouds
139,Haines Junction,CA,2021-10-27 15:00:28,60.7522,-137.5108,25.5,92,100,0.76,overcast clouds
140,Fort-Shevchenko,KZ,2021-10-27 15:00:29,44.5086,50.263,47.75,50,3,7.18,clear sky
141,Wajima,JP,2021-10-27 15:00:29,37.4,136.9,62.24,71,16,13.13,few clouds
142,Taoudenni,ML,2021-10-27 15:00:30,22.6783,-3.9836,97.3,15,39,6.73,scattered clouds
143,La Peca,PE,2021-10-27 15:00:31,-5.6111,-78.435,74.19,70,96,1.99,overcast clouds
144,Koslan,RU,2021-10-27 15:00:31,63.4564,48.8989,35.1,98,100,8.61,light rain
145,Shizunai,JP,2021-10-27 14:56:49,42.3339,142.3669,54.63,84,100,5.95,light rain
146,Lexington,US,2021-10-27 14:55:53,37.9887,-84.4777,49.12,73,50,1.01,scattered clouds
147,Cherskiy,RU,2021-10-27 15:00:32,68.75,161.3,-19.03,99,10,5.46,clear sky
148,Vrangel,RU,2021-10-27 15:00:32,42.7297,133.0839,48.51,70,84,8.72,broken clouds
149,Camacha,PT,2021-10-27 15:00:33,33.0833,-16.3333,71.02,60,40,14.97,scattered clouds
150,Saint-Leu,RE,2021-10-27 15:00:33,-21.15,55.2833,76.06,94,63,2.68,broken clouds
151,Srandakan,ID,2021-10-27 15:00:34,-7.9386,110.2506,77.65,91,100,6.13,moderate rain
152,Saint-Philippe,RE,2021-10-27 15:00:34,-21.3585,55.7679,76.59,77,63,10.0,broken clouds
153,Zhovti Vody,UA,2021-10-27 15:00:35,48.3473,33.5003,49.73,64,31,4.97,scattered clouds
154,Sao Joao Da Barra,BR,2021-10-27 15:00:35,-21.6403,-41.0511,77.67,79,73,13.29,broken clouds
155,Villaviciosa,ES,2021-10-27 15:00:36,43.4813,-5.4357,79.39,54,6,3.6,clear sky
156,Tabas,IR,2021-10-27 15:00:36,33.5959,56.9244,65.89,21,7,11.14,clear sky
157,Saint George,US,2021-10-27 15:00:12,37.1041,-113.5841,52.36,71,1,3.44,clear sky
158,Cape Town,ZA,2021-10-27 14:56:33,-33.9258,18.4232,75.11,58,20,3.0,light rain
159,Hilo,US,2021-10-27 15:00:37,19.7297,-155.09,72.39,79,31,1.32,scattered clouds
160,Sidi Ali,DZ,2021-10-27 15:00:37,36.0998,0.4206,67.05,61,100,13.29,overcast clouds
161,Yalvac,TR,2021-10-27 15:00:38,38.2956,31.1778,54.09,42,9,3.98,clear sky
162,Qui Nhon,VN,2021-10-27 15:00:38,13.7667,109.2333,78.8,88,100,7.72,heavy intensity rain
163,Leticia,CO,2021-10-27 15:00:39,-4.2153,-69.9406,80.58,78,75,4.61,broken clouds
164,Katobu,ID,2021-10-27 15:00:39,-4.9408,122.5276,77.65,86,61,3.94,broken clouds
165,Gravdal,NO,2021-10-27 15:00:40,68.1214,13.5031,40.68,73,100,13.56,overcast clouds
166,Jumla,NP,2021-10-27 15:00:40,29.2747,82.1838,43.36,87,14,4.03,few clouds
167,Tuy Hoa,VN,2021-10-27 15:00:40,13.0833,109.3,77.38,92,97,6.85,overcast clouds
168,Nishihara,JP,2021-10-27 15:00:41,26.1842,127.7558,72.68,64,20,8.05,few clouds
169,Ewa Beach,US,2021-10-27 15:00:23,21.3156,-158.0072,74.08,93,47,5.68,scattered clouds
170,Fairbanks,US,2021-10-27 15:00:05,64.8378,-147.7164,27.23,90,90,4.61,light snow
171,Batagay,RU,2021-10-27 15:00:42,67.6333,134.6333,11.84,95,100,3.91,overcast clouds
172,Buala,SB,2021-10-27 15:00:42,-8.145,159.5921,80.1,83,31,6.6,light rain
173,Stryn,NO,2021-10-27 15:00:43,61.9045,6.7226,54.32,100,100,9.35,overcast clouds
174,Castro,BR,2021-10-27 15:00:43,-24.7911,-50.0119,69.49,72,74,7.2,broken clouds
175,Busselton,AU,2021-10-27 15:00:44,-33.65,115.3333,50.04,80,16,8.12,few clouds
176,Mar Del Plata,AR,2021-10-27 15:00:44,-38.0023,-57.5575,72.82,50,0,7.96,clear sky
177,Platanos,GR,2021-10-27 15:00:45,37.6667,21.6167,68.65,62,100,1.59,overcast clouds
178,Mabaruma,GY,2021-10-27 15:00:45,8.2,-59.7833,80.96,89,71,4.76,broken clouds
179,Abha,SA,2021-10-27 15:00:46,18.2164,42.5053,62.65,64,62,5.84,broken clouds
180,Gazanjyk,TM,2021-10-27 15:00:46,39.2446,55.5154,49.44,64,97,9.28,overcast clouds
181,Ancud,CL,2021-10-27 15:00:46,-41.8697,-73.8203,56.23,73,90,6.13,overcast clouds
182,Dicabisagan,PH,2021-10-27 15:00:47,17.0818,122.4157,76.68,88,48,7.4,scattered clouds
183,Luanda,AO,2021-10-27 14:59:43,-8.8368,13.2343,80.6,74,40,11.5,scattered clouds
184,Royan,FR,2021-10-27 15:00:47,45.6285,-1.0281,68.47,44,15,2.26,few clouds
185,Nome,US,2021-10-27 15:00:48,64.5011,-165.4064,14.9,90,22,6.17,few clouds
186,Micheweni,TZ,2021-10-27 15:00:48,-4.9667,39.8333,80.04,72,4,10.98,clear sky
187,Togul,RU,2021-10-27 15:00:48,53.465,85.9128,30.52,50,100,1.74,overcast clouds
188,Coquimbo,CL,2021-10-27 15:00:49,-29.9533,-71.3436,61.32,77,56,5.97,broken clouds
189,Tampakan,PH,2021-10-27 15:00:49,6.4442,124.9264,74.86,98,99,2.15,overcast clouds
190,Quatre Cocos,MU,2021-10-27 15:00:49,-20.2078,57.7625,74.08,65,0,10.04,clear sky
191,Belyy Yar,RU,2021-10-27 15:00:50,53.6039,91.3903,35.49,48,0,4.47,clear sky
192,Souillac,MU,2021-10-27 15:00:50,-20.5167,57.5167,74.35,68,20,9.22,few clouds
193,East London,ZA,2021-10-27 15:00:51,-33.0153,27.9116,67.57,80,100,27.89,overcast clouds
194,Sitka,US,2021-10-27 14:56:24,57.0531,-135.33,43.11,90,100,6.42,light rain
195,Douentza,ML,2021-10-27 15:00:51,14.9951,-2.9517,101.43,9,4,13.2,clear sky
196,Codrington,AU,2021-10-27 15:00:51,-38.2667,141.9667,56.01,97,53,7.27,broken clouds
197,Victoria,HK,2021-10-27 15:00:52,22.2855,114.1577,78.85,80,93,3.0,light rain
198,Hasaki,JP,2021-10-27 15:00:52,35.7333,140.8333,57.6,90,98,7.4,overcast clouds
199,Jalu,LY,2021-10-27 15:00:53,29.0331,21.5482,82.08,31,58,9.01,broken clouds
200,Phetchaburi,TH,2021-10-27 15:00:53,12.9667,99.5833,73.76,92,99,3.83,overcast clouds
201,Dingle,PH,2021-10-27 15:00:54,10.9995,122.6711,76.24,92,100,5.14,overcast clouds
202,Akureyri,IS,2021-10-27 15:00:54,65.6835,-18.0878,37.6,100,100,6.85,overcast clouds
203,Isawa,JP,2021-10-27 15:00:54,35.65,138.6333,55.38,95,14,1.72,few clouds
204,Salalah,OM,2021-10-27 15:00:27,17.0151,54.0924,79.79,63,5,2.42,clear sky
205,Dharchula,IN,2021-10-27 15:00:55,29.85,80.5333,55.98,60,1,7.34,clear sky
206,Kruisfontein,ZA,2021-10-27 15:00:55,-34.0033,24.7314,70.88,66,100,23.4,overcast clouds
207,Emba,KZ,2021-10-27 15:00:56,48.8264,58.1442,38.73,41,1,5.55,clear sky
208,Hauterive,FR,2021-10-27 15:00:56,46.0901,3.4459,63.01,59,1,1.83,clear sky
209,Saldanha,ZA,2021-10-27 15:00:57,-33.0117,17.9442,63.86,85,100,16.64,overcast clouds
210,Half Moon Bay,US,2021-10-27 15:00:24,37.4636,-122.4286,59.14,92,1,0.0,clear sky
211,Kahului,US,2021-10-27 15:00:57,20.8947,-156.47,75.85,80,24,4.0,few clouds
212,Vila Velha,BR,2021-10-27 15:00:31,-20.3297,-40.2925,80.4,67,97,12.75,overcast clouds
213,Develi,TR,2021-10-27 15:00:58,38.3906,35.4922,60.15,43,81,1.77,broken clouds
214,Nanpara,IN,2021-10-27 15:00:58,27.8667,81.5,71.28,69,0,4.7,clear sky
215,Villa Bruzual,VE,2021-10-27 15:00:59,9.3328,-69.1208,76.21,91,100,6.22,overcast clouds
216,Toppenish,US,2021-10-27 15:00:59,46.3774,-120.3087,48.45,65,98,5.88,overcast clouds
217,Mindelo,CV,2021-10-27 15:01:00,16.8901,-24.9804,76.69,76,45,17.52,scattered clouds
218,Milkovo,RU,2021-10-27 15:01:00,54.7167,158.6167,29.41,95,100,0.63,overcast clouds
219,Yeniseysk,RU,2021-10-27 15:01:01,58.4497,92.1703,27.59,63,80,10.92,broken clouds
220,Narsaq,GL,2021-10-27 15:01:02,60.9167,-46.05,35.82,61,0,4.41,clear sky
221,Mana,GF,2021-10-27 15:01:02,5.6592,-53.7767,85.68,66,11,9.89,few clouds
222,Tura,IN,2021-10-27 15:01:03,25.5198,90.2201,68.36,94,0,3.6,clear sky
223,Anadyr,RU,2021-10-27 15:01:04,64.75,177.4833,-7.01,76,95,4.0,overcast clouds
224,Axim,GH,2021-10-27 15:01:05,4.8699,-2.2405,82.98,70,69,9.57,broken clouds
225,Nagato,JP,2021-10-27 15:01:05,34.3833,131.2,56.19,60,0,3.74,clear sky
226,Thompson,CA,2021-10-27 15:01:06,55.7435,-97.8558,39.36,100,90,5.75,light intensity drizzle
227,Qaanaaq,GL,2021-10-27 15:01:06,77.484,-69.3632,20.17,94,100,10.38,overcast clouds
228,Kudat,MY,2021-10-27 15:01:06,6.8837,116.8477,80.58,82,89,7.14,overcast clouds
229,Dongsheng,CN,2021-10-27 15:01:07,39.8161,109.9776,43.18,49,100,2.89,overcast clouds
230,Plainview,US,2021-10-27 15:01:07,40.7765,-73.4673,60.87,73,90,1.01,overcast clouds
231,Manono,CD,2021-10-27 15:01:08,-7.3,27.4167,81.95,56,49,15.32,scattered clouds
232,Mahebourg,MU,2021-10-27 15:01:08,-20.4081,57.7,74.25,68,20,9.22,few clouds
233,Ayan,RU,2021-10-27 15:01:08,56.45,138.1667,35.53,83,99,6.13,overcast clouds
234,Laguna,US,2021-10-27 15:01:09,38.421,-121.4238,58.96,92,90,1.01,overcast clouds
235,Elko,US,2021-10-27 15:01:09,41.0002,-115.5012,43.65,77,56,18.01,broken clouds
236,Merauke,ID,2021-10-27 15:01:09,-8.4667,140.3333,80.76,80,100,12.55,overcast clouds
237,Kovernino,RU,2021-10-27 15:01:10,57.1253,43.8142,40.17,78,100,13.73,light rain
238,Goderich,CA,2021-10-27 15:01:10,43.7501,-81.7165,50.92,86,97,6.24,overcast clouds
239,Pedernales,DO,2021-10-27 15:01:11,18.0384,-71.744,84.09,58,19,4.45,few clouds
240,Mehamn,NO,2021-10-27 15:01:11,71.0357,27.8492,31.91,65,89,15.84,overcast clouds
241,Severo-Yeniseyskiy,RU,2021-10-27 15:01:11,60.3725,93.0408,18.75,82,100,15.64,overcast clouds
242,Toora-Khem,RU,2021-10-27 15:01:12,52.4675,96.11,36.5,80,100,3.78,overcast clouds
243,Sirsi,IN,2021-10-27 15:01:12,14.6167,74.85,67.6,70,12,5.91,few clouds
244,Nuevo Laredo,MX,2021-10-27 15:01:13,27.4763,-99.5164,84.18,20,0,23.35,clear sky
245,Kaura Namoda,NG,2021-10-27 15:01:13,12.5898,6.5779,98.01,14,50,8.95,scattered clouds
246,Nuuk,GL,2021-10-27 15:01:13,64.1835,-51.7216,30.81,69,75,5.75,broken clouds
247,Paracuru,BR,2021-10-27 15:01:14,-3.41,-39.0306,88.77,49,37,16.96,scattered clouds
248,Skibbereen,IE,2021-10-27 15:01:14,51.55,-9.2667,60.6,96,100,26.8,overcast clouds
249,Khatanga,RU,2021-10-27 15:01:15,71.9667,102.5,7.34,90,100,10.33,overcast clouds
250,Adrar,MR,2021-10-27 15:01:15,20.5022,-10.0711,87.82,23,25,18.72,scattered clouds
251,Tokur,RU,2021-10-27 15:01:15,53.1333,132.9,18.27,97,41,0.94,scattered clouds
252,Comodoro Rivadavia,AR,2021-10-27 15:01:16,-45.8667,-67.5,70.03,35,83,35.57,broken clouds
253,Bilibino,RU,2021-10-27 15:01:16,68.0546,166.4372,-22.47,100,84,2.91,broken clouds
254,Kroonstad,ZA,2021-10-27 15:01:17,-27.6504,27.2349,64.76,54,100,10.49,light rain
255,Cavalcante,BR,2021-10-27 15:01:17,-13.7975,-47.4583,87.49,39,23,8.99,few clouds
256,Srednekolymsk,RU,2021-10-27 15:01:17,67.45,153.6833,-9.38,99,74,3.06,broken clouds
257,Taksimo,RU,2021-10-27 15:01:18,56.3444,114.8794,29.68,84,100,1.45,overcast clouds
258,Constitucion,CL,2021-10-27 15:01:18,-35.3333,-72.4167,63.55,63,3,4.88,clear sky
259,Antalaha,MG,2021-10-27 15:01:18,-14.9003,50.2788,75.07,80,15,8.21,few clouds
260,Vardo,NO,2021-10-27 15:01:19,70.3705,31.1107,34.0,86,40,26.46,scattered clouds
261,Isangel,VU,2021-10-27 15:01:19,-19.55,169.2667,75.99,88,100,6.15,overcast clouds
262,Brae,GB,2021-10-27 15:01:19,60.3964,-1.353,53.51,87,100,22.06,overcast clouds
263,Buchanan,LR,2021-10-27 15:01:20,5.8808,-10.0467,89.56,76,41,6.55,light rain
264,Komsomolskiy,UZ,2021-10-27 15:01:20,40.4272,71.7189,54.82,43,100,2.3,overcast clouds
265,Harper,LR,2021-10-27 15:01:20,4.375,-7.7169,80.71,78,69,5.99,broken clouds
266,Pingzhuang,CN,2021-10-27 15:01:21,42.0372,119.2889,47.3,38,0,3.0,clear sky
267,Katherine,AU,2021-10-27 15:01:21,-14.4667,132.2667,73.72,100,75,6.91,thunderstorm with heavy rain
268,Skjervoy,NO,2021-10-27 15:01:21,70.0311,20.9714,34.21,71,37,26.02,scattered clouds
269,Moron,AR,2021-10-27 15:01:22,-34.6534,-58.6198,94.01,30,4,3.0,clear sky
270,Manica,FR,2021-10-27 15:01:22,49.0,-1.1667,58.41,64,87,9.17,overcast clouds
271,Alanya,TR,2021-10-27 15:01:22,36.5438,31.9998,68.86,64,94,2.1,overcast clouds
272,Angarsk,RU,2021-10-27 15:01:23,52.5367,103.8864,38.12,68,99,3.02,overcast clouds
273,Tiksi,RU,2021-10-27 15:01:23,71.6872,128.8694,11.03,95,100,3.71,overcast clouds
274,Ilulissat,GL,2021-10-27 15:01:23,69.2167,-51.1,15.82,48,20,8.05,few clouds
275,Colares,PT,2021-10-27 15:01:24,38.7992,-9.4469,80.33,42,0,8.05,clear sky
276,Road Town,VG,2021-10-27 15:00:29,18.4167,-64.6167,86.2,68,1,13.24,clear sky
277,Alyangula,AU,2021-10-27 15:01:24,-13.8483,136.4192,80.83,82,7,7.07,clear sky
278,Havre-Saint-Pierre,CA,2021-10-27 15:01:25,50.2334,-63.5986,44.8,65,6,14.45,clear sky
279,Samarai,PG,2021-10-27 15:01:25,-10.6167,150.6667,80.96,81,34,13.42,scattered clouds
280,High Rock,BS,2021-10-27 15:01:25,26.6208,-78.2833,79.48,64,2,15.26,clear sky
281,Broome,US,2021-10-27 15:01:26,42.2506,-75.833,53.85,76,90,3.0,overcast clouds
282,Marawi,PH,2021-10-27 15:01:26,7.9986,124.2928,65.64,98,100,4.83,overcast clouds
283,Baker City,US,2021-10-27 15:01:26,44.7749,-117.8344,43.83,90,99,2.93,overcast clouds
284,Torbay,CA,2021-10-27 15:01:27,47.6666,-52.7314,44.28,76,100,5.01,overcast clouds
285,Balmazujvaros,HU,2021-10-27 15:01:27,47.6167,21.35,57.38,45,43,3.31,scattered clouds
286,Batavia,US,2021-10-27 15:00:37,41.85,-88.3126,51.03,81,70,1.99,broken clouds
287,Trairi,BR,2021-10-27 14:58:09,-3.2778,-39.2689,89.8,45,30,15.88,scattered clouds
288,Guerrero Negro,MX,2021-10-27 15:01:28,27.9769,-114.0611,66.83,64,0,2.73,clear sky
289,Portland,US,2021-10-27 14:58:24,45.5234,-122.6762,53.37,93,100,5.01,overcast clouds
290,Sungaipenuh,ID,2021-10-27 15:01:28,-2.0833,101.3833,65.8,93,100,0.96,overcast clouds
291,Petropavlovsk-Kamchatskiy,RU,2021-10-27 14:57:49,53.0452,158.6483,30.79,86,0,6.71,clear sky
292,Marienburg,PL,2021-10-27 15:01:29,54.0359,19.0266,55.06,80,100,13.31,overcast clouds
293,Hami,CN,2021-10-27 14:58:11,42.8,93.45,51.71,30,0,4.83,clear sky
294,Burnie,AU,2021-10-27 15:01:29,-41.0667,145.9167,54.91,84,91,8.23,overcast clouds
295,Soc Trang,VN,2021-10-27 15:01:29,9.6033,105.98,78.76,91,100,4.05,overcast clouds
296,Bubaque,GW,2021-10-27 15:01:30,11.2833,-15.8333,82.51,73,87,8.21,overcast clouds
297,Labuhan,ID,2021-10-27 15:01:30,-6.8844,112.2051,81.84,81,100,5.84,overcast clouds
298,Wanning,CN,2021-10-27 15:01:30,18.8003,110.3967,76.3,91,72,5.21,light rain
299,Mao,ES,2021-10-27 15:01:31,39.8885,4.2658,68.56,56,20,13.8,few clouds
300,Ozernovskiy,RU,2021-10-27 15:01:31,51.5,156.5167,42.04,90,100,5.39,overcast clouds
301,Brazzaville,CG,2021-10-27 15:00:11,-4.2658,15.2832,77.65,81,100,2.73,overcast clouds
302,Bulgan,MN,2021-10-27 15:01:32,48.8125,103.5347,38.61,40,6,3.44,clear sky
303,Pisco,PE,2021-10-27 15:01:32,-13.7,-76.2167,65.01,83,29,7.14,scattered clouds
304,Orebro,SE,2021-10-27 15:01:32,59.2741,15.2066,57.38,51,90,14.97,overcast clouds
305,Sinnamary,GF,2021-10-27 15:01:13,5.3833,-52.95,85.26,66,17,10.33,few clouds
306,Lima Duarte,BR,2021-10-27 15:01:33,-21.8425,-43.7931,74.89,80,100,5.12,overcast clouds
307,Praia Da Vitoria,PT,2021-10-27 15:01:33,38.7333,-27.0667,69.76,82,100,12.1,overcast clouds
308,Wagar,SD,2021-10-27 15:01:34,16.1525,36.2032,95.9,25,74,7.72,broken clouds
309,Alzamay,RU,2021-10-27 15:01:34,55.5562,98.6644,29.88,62,44,5.84,scattered clouds
310,Ahipara,NZ,2021-10-27 15:01:34,-35.1667,173.1667,58.91,87,100,4.61,overcast clouds
311,Saint-Georges,GD,2021-10-27 15:01:35,12.0564,-61.7485,82.18,71,100,15.5,overcast clouds
312,Margate,GB,2021-10-27 15:01:35,51.3813,1.3862,63.03,71,100,1.99,overcast clouds
313,Kununurra,AU,2021-10-27 15:01:35,-15.7667,128.7333,80.58,89,64,8.05,broken clouds
314,Mahanoro,MG,2021-10-27 15:01:36,-19.9,48.8,75.76,76,0,13.04,clear sky
315,Moerai,PF,2021-10-27 15:01:36,-22.4333,-151.3333,74.14,78,97,21.47,overcast clouds
316,Yarada,IN,2021-10-27 15:01:36,17.65,83.2667,84.52,79,40,5.75,mist
317,Herat,AF,2021-10-27 15:01:37,34.5,62.0,50.47,52,0,21.47,clear sky
318,Krnov,CZ,2021-10-27 15:00:14,50.0897,17.7039,53.96,63,100,6.62,overcast clouds
319,Ahuimanu,US,2021-10-27 15:01:37,21.4447,-157.8378,73.85,84,48,6.46,scattered clouds
320,Lagoa,PT,2021-10-27 15:01:38,39.05,-27.9833,66.9,75,100,18.28,overcast clouds
321,Mikun,RU,2021-10-27 15:01:38,62.3547,50.0771,34.66,98,100,8.08,light rain
322,Monrovia,LR,2021-10-27 15:01:38,6.3005,-10.7969,89.37,73,29,8.5,light rain
323,Ozinki,RU,2021-10-27 15:01:39,51.1786,49.6769,40.69,45,100,12.71,overcast clouds
324,Bethel,US,2021-10-27 15:01:32,41.3712,-73.414,57.69,83,90,1.99,overcast clouds
325,Gracias,HN,2021-10-27 15:01:39,14.5833,-88.5833,80.46,69,40,3.02,scattered clouds
326,Koupela,BF,2021-10-27 15:01:40,12.1794,-0.3517,98.98,21,58,7.45,broken clouds
327,Kodiak,US,2021-10-27 15:01:40,57.79,-152.4072,30.81,55,25,8.16,scattered clouds
328,Tautira,PF,2021-10-27 15:01:41,-17.7333,-149.15,77.02,76,50,9.53,light rain
329,Artesia,US,2021-10-27 15:01:41,33.8658,-118.0831,68.77,79,1,0.0,clear sky
330,Blue Springs,US,2021-10-27 15:01:41,39.0169,-94.2816,58.24,75,90,1.99,overcast clouds
331,Drayton Valley,CA,2021-10-27 15:01:42,53.2168,-114.9854,41.05,56,100,9.08,overcast clouds
332,Norilsk,RU,2021-10-27 15:01:42,69.3535,88.2027,3.69,96,100,10.2,overcast clouds
333,Ko Samui,TH,2021-10-27 15:01:42,9.5357,99.9357,82.99,71,12,8.84,few clouds
334,Robertsport,LR,2021-10-27 15:01:43,6.7533,-11.3686,81.46,75,25,10.65,scattered clouds
335,Yatou,CN,2021-10-27 15:01:44,37.15,122.3833,53.42,65,0,5.48,light rain
336,Varazdin,HR,2021-10-27 15:01:44,46.3044,16.3378,60.04,55,40,3.02,scattered clouds
337,Ust-Nera,RU,2021-10-27 15:01:44,64.5667,143.2,11.44,97,100,3.53,light snow
338,Filadelfia,US,2021-10-27 14:59:24,39.9523,-75.1638,65.21,77,39,5.01,scattered clouds
339,Adeje,ES,2021-10-27 15:01:45,28.1227,-16.726,73.51,55,20,23.02,few clouds
340,Hualmay,PE,2021-10-27 15:01:45,-11.0964,-77.6139,69.06,69,23,8.48,few clouds
341,Faya,SA,2021-10-27 15:01:46,18.3851,42.4509,60.51,72,56,10.6,broken clouds
342,Conceicao Do Araguaia,BR,2021-10-27 15:01:46,-8.2578,-49.2647,94.59,34,98,7.16,overcast clouds
343,Rio Grande,BR,2021-10-27 14:59:29,-32.035,-52.0986,91.51,60,0,6.33,clear sky
344,Aykhal,RU,2021-10-27 15:01:47,66.0,111.5,18.52,95,100,8.05,light snow
345,Soyo,AO,2021-10-27 15:01:47,-6.1349,12.3689,78.62,77,98,9.33,overcast clouds
346,Husavik,IS,2021-10-27 15:01:48,66.0449,-17.3389,39.25,98,100,13.62,moderate rain
347,Bathsheba,BB,2021-10-27 15:01:48,13.2167,-59.5167,83.5,64,100,16.15,overcast clouds
348,Karasjok,NO,2021-10-27 15:01:49,69.4719,25.5112,24.91,94,33,10.92,scattered clouds
349,Santa Maria,BR,2021-10-27 15:01:49,-29.6842,-53.8069,84.34,43,0,5.19,clear sky
350,Lubao,PH,2021-10-27 15:01:49,14.9167,120.55,82.15,84,46,2.91,scattered clouds
351,Lahat,ID,2021-10-27 15:01:50,-3.8,103.5333,74.73,93,100,2.93,overcast clouds
352,Igarka,RU,2021-10-27 15:01:50,67.4667,86.5833,10.18,90,100,18.14,overcast clouds
353,North Fort Myers,US,2021-10-27 15:01:50,26.6673,-81.8801,84.99,76,1,5.75,clear sky
354,Takoradi,GH,2021-10-27 15:01:51,4.8845,-1.7554,82.44,68,96,7.58,overcast clouds
355,Paita,PE,2021-10-27 15:01:51,-5.0892,-81.1144,70.74,70,99,12.57,overcast clouds
356,Socorro,US,2021-10-27 15:01:52,31.6546,-106.3033,57.45,27,0,13.09,clear sky
357,Methoni,GR,2021-10-27 15:01:52,36.8197,21.7049,68.22,58,100,3.49,overcast clouds
358,San Policarpo,PH,2021-10-27 15:01:52,12.1791,125.5072,81.79,80,62,9.66,broken clouds
359,Pemba,MZ,2021-10-27 15:01:53,-12.974,40.5178,79.47,74,6,11.65,clear sky
360,Port Blair,IN,2021-10-27 15:01:53,11.6667,92.75,81.86,83,80,8.14,broken clouds
361,Lata,PT,2021-10-27 15:01:54,40.1629,-8.3327,78.35,41,11,4.81,few clouds
362,Coihaique,CL,2021-10-27 15:01:44,-45.5752,-72.0662,52.16,93,100,7.78,overcast clouds
363,Grand Gaube,MU,2021-10-27 15:01:54,-20.0064,57.6608,74.37,65,0,3.0,clear sky
364,Yar-Sale,RU,2021-10-27 15:01:54,66.8333,70.8333,13.32,91,75,7.74,broken clouds
365,Nauta,PE,2021-10-27 15:01:55,-4.5061,-73.5757,74.39,88,100,1.23,overcast clouds
366,Serenje,ZM,2021-10-27 15:01:55,-13.2325,30.2352,82.53,32,57,13.2,broken clouds
367,Leningradskiy,RU,2021-10-27 15:01:56,69.3833,178.4167,9.7,93,100,21.5,light snow
368,Gobabis,NA,2021-10-27 15:01:56,-22.45,18.9667,72.75,49,88,7.09,overcast clouds
369,Port Lincoln,AU,2021-10-27 15:01:56,-34.7333,135.8667,55.89,83,44,11.32,scattered clouds
370,Erenhot,CN,2021-10-27 15:01:57,43.6475,111.9767,45.25,29,0,7.7,clear sky
371,Nemuro,JP,2021-10-27 15:01:57,43.3236,145.575,54.82,89,100,13.18,overcast clouds
372,Ouadda,CF,2021-10-27 15:01:57,8.0777,22.4007,83.16,62,88,2.91,overcast clouds
373,Baijiantan,CN,2021-10-27 15:01:58,45.6333,85.1833,56.28,30,100,7.52,overcast clouds
374,Roald,NO,2021-10-27 15:01:58,62.5833,6.1333,54.34,76,75,19.57,broken clouds
375,Bandarbeyla,SO,2021-10-27 15:01:58,9.4942,50.8122,79.92,75,1,13.18,clear sky
376,Noumea,NC,2021-10-27 15:01:59,-22.2763,166.4572,77.0,99,99,6.11,overcast clouds
377,Mackay,AU,2021-10-27 15:01:59,-21.15,149.2,73.04,81,11,8.12,few clouds
378,Ostrovnoy,RU,2021-10-27 15:01:59,68.0531,39.5131,30.07,64,100,12.86,overcast clouds
379,Klaksvik,FO,2021-10-27 15:02:00,62.2266,-6.589,49.12,83,53,24.94,broken clouds
380,Ormara,PK,2021-10-27 15:02:00,25.2088,64.6357,79.02,66,0,7.63,clear sky
381,Altay,CN,2021-10-27 15:02:00,47.8667,88.1167,40.3,46,89,5.86,overcast clouds
382,Sumbe,AO,2021-10-27 15:02:01,-11.2061,13.8437,77.86,75,29,10.38,moderate rain
383,Anito,PH,2021-10-27 15:02:02,12.4497,125.2886,79.5,87,96,7.31,overcast clouds
384,The Pas,CA,2021-10-27 15:02:03,53.8251,-101.2541,42.82,100,90,4.61,mist
385,Lowestoft,GB,2021-10-27 15:02:04,52.4752,1.7516,64.45,75,74,19.75,broken clouds
386,Hoshcha,UA,2021-10-27 15:02:04,50.6003,26.6744,53.85,68,79,6.6,broken clouds
387,Yelizovo,RU,2021-10-27 15:02:05,53.1873,158.3805,34.79,81,100,4.5,overcast clouds
388,Mayskiy,RU,2021-10-27 15:02:05,47.6931,40.1025,49.44,35,0,4.27,clear sky
389,Biryusinsk,RU,2021-10-27 15:02:05,55.9634,97.8235,30.22,54,30,9.6,scattered clouds
390,Sobolevo,RU,2021-10-27 15:02:06,54.4299,31.8996,43.65,77,86,7.63,overcast clouds
391,Acapulco,MX,2021-10-27 15:01:06,16.8634,-99.8901,80.6,79,88,0.89,overcast clouds
392,Moree,AU,2021-10-27 15:02:06,-29.4667,149.85,69.96,41,6,8.08,clear sky
393,Pangody,RU,2021-10-27 15:02:07,65.85,74.4859,11.84,94,88,10.13,overcast clouds
394,Lufilufi,WS,2021-10-27 15:02:07,-13.8745,-171.5986,80.29,80,36,17.54,light rain
395,Rivadavia,AR,2021-10-27 15:02:07,-33.1905,-68.4608,86.43,13,88,5.79,overcast clouds
396,Camapua,BR,2021-10-27 15:02:08,-19.5314,-54.0439,86.99,52,98,8.52,overcast clouds
397,Sturgis,US,2021-10-27 15:00:24,41.7992,-85.4192,46.89,50,1,3.44,light rain
398,Daru,PG,2021-10-27 15:02:08,-9.0763,143.2092,81.12,77,90,12.91,overcast clouds
399,Mayo,US,2021-10-27 15:00:51,38.8876,-76.5119,65.43,72,81,15.99,broken clouds
400,Myitkyina,MM,2021-10-27 15:02:09,25.3833,97.4,72.37,82,66,0.98,broken clouds
401,Katsuura,JP,2021-10-27 15:02:09,35.1333,140.3,62.62,90,100,5.1,overcast clouds
402,Suluq,LY,2021-10-27 15:02:10,31.6682,20.2521,73.71,68,91,12.24,overcast clouds
403,Huarmey,PE,2021-10-27 15:02:10,-10.0681,-78.1522,69.62,71,32,9.1,scattered clouds
404,Waipawa,NZ,2021-10-27 15:02:11,-41.4122,175.5153,54.45,80,100,3.62,moderate rain
405,Tongchuan,CN,2021-10-27 15:02:11,35.0806,109.0897,50.77,80,37,2.17,scattered clouds
406,Itaituba,BR,2021-10-27 15:02:11,-4.2761,-55.9836,77.05,95,99,1.23,overcast clouds
407,Port Augusta,AU,2021-10-27 15:02:12,-32.5,137.7667,62.74,90,13,12.46,few clouds
408,Juneau,US,2021-10-27 15:02:12,58.3019,-134.4197,43.84,97,90,4.61,light rain
409,Hirara,JP,2021-10-27 15:02:12,24.8,125.2833,75.94,62,23,16.53,few clouds
410,Umm Lajj,SA,2021-10-27 15:02:13,25.0213,37.2685,81.86,62,88,6.62,overcast clouds
411,Carndonagh,IE,2021-10-27 15:02:13,55.25,-7.2667,60.42,86,100,7.99,overcast clouds
412,Porto Novo,BJ,2021-10-27 15:02:13,6.4965,2.6036,84.54,66,100,7.54,overcast clouds
413,Gander,CA,2021-10-27 15:00:24,48.9682,-54.5906,39.16,80,71,11.01,broken clouds
414,Manzanillo,CU,2021-10-27 15:02:14,20.3433,-77.1167,85.64,63,64,1.97,broken clouds
415,Kathu,TH,2021-10-27 15:02:14,7.9178,98.3332,86.7,88,95,4.54,overcast clouds
416,Ordu,TR,2021-10-27 15:02:14,40.9086,37.6845,46.9,88,0,1.92,clear sky
417,Havoysund,NO,2021-10-27 15:02:15,70.9963,24.6622,31.08,74,44,25.88,scattered clouds
418,Lucban,PH,2021-10-27 15:02:15,14.1133,121.5569,77.05,90,88,6.58,overcast clouds
419,Soure,BR,2021-10-27 15:02:16,-0.7167,-48.5233,84.56,67,62,12.15,broken clouds
420,Tayga,RU,2021-10-27 15:02:16,56.06,85.6197,29.32,56,100,8.23,overcast clouds
421,Aitape,PG,2021-10-27 15:02:16,-3.1374,142.3475,80.38,82,98,3.83,overcast clouds
422,Sept-Iles,CA,2021-10-27 15:02:17,50.2001,-66.3821,45.05,67,3,1.99,clear sky
423,Artigas,UY,2021-10-27 15:01:26,-30.4,-56.4667,87.53,35,0,10.0,clear sky
424,Darnah,LY,2021-10-27 15:02:17,32.767,22.6367,74.25,68,79,16.22,broken clouds
425,Tuatapere,NZ,2021-10-27 15:02:17,-46.1333,167.6833,50.4,96,67,4.14,broken clouds
426,Riberalta,BO,2021-10-27 15:02:18,-10.9833,-66.1,94.51,42,72,0.69,broken clouds
427,Novovelichkovskaya,RU,2021-10-27 15:02:18,45.2778,38.8436,49.1,51,0,3.06,clear sky
428,Port Hardy,CA,2021-10-27 15:02:19,50.6996,-127.4199,44.78,93,90,0.0,overcast clouds
429,Erzin,TR,2021-10-27 15:02:19,36.9559,36.2,75.72,32,99,2.57,overcast clouds
430,Kiama,AU,2021-10-27 15:02:19,-34.6833,150.8667,63.0,91,84,5.84,broken clouds
431,Yuci,CN,2021-10-27 15:02:20,37.6803,112.7319,51.55,62,100,4.47,overcast clouds
432,Mecca,SA,2021-10-27 15:02:20,21.4267,39.8261,87.01,43,12,10.87,few clouds
433,Emerald,AU,2021-10-27 15:02:20,-23.5333,148.1667,75.34,44,3,11.43,clear sky
434,Ceuta,ES,2021-10-27 15:02:21,35.8903,-5.3075,77.11,79,75,20.83,broken clouds
435,Grand Forks,US,2021-10-27 15:02:21,47.9417,-97.4337,46.33,97,90,8.05,mist
436,Chapais,CA,2021-10-27 15:02:21,49.7834,-74.8492,42.04,54,100,6.13,overcast clouds
437,Murgab,TM,2021-10-27 15:02:22,37.4966,61.9714,53.4,61,100,13.87,overcast clouds
438,Sandwick,GB,2021-10-27 15:02:22,60.0,-1.25,53.42,94,40,16.11,scattered clouds
439,Mesopotamia,IQ,2021-10-27 14:57:48,33.0,44.0,84.11,20,2,5.19,clear sky
440,Rio Muerto,MX,2021-10-27 15:00:39,27.4167,-110.2333,73.18,60,0,3.94,clear sky
441,Clarence Town,AU,2021-10-27 15:02:23,-32.5833,151.7833,65.86,87,100,2.77,overcast clouds
442,Klyuchi,RU,2021-10-27 15:02:23,52.2667,79.1667,30.74,41,36,4.63,scattered clouds
443,Waingapu,ID,2021-10-27 15:02:24,-9.6567,120.2641,82.67,77,100,4.18,overcast clouds
444,Gunjur,GM,2021-10-27 15:02:24,13.2019,-16.7339,84.34,70,99,9.62,overcast clouds
445,Palmer,US,2021-10-27 14:57:50,42.1584,-72.3287,55.29,85,90,4.0,light intensity drizzle
446,Cacequi,BR,2021-10-27 15:02:24,-29.8836,-54.825,83.98,47,0,7.78,clear sky
447,Moindou,NC,2021-10-27 15:02:25,-21.6924,165.677,69.75,84,73,4.41,broken clouds
448,Amudat,UG,2021-10-27 15:02:25,1.95,34.95,84.58,31,65,13.31,broken clouds
449,Vradiyivka,UA,2021-10-27 15:02:25,47.862,30.5919,49.48,57,9,6.13,clear sky
450,Gorontalo,ID,2021-10-27 15:02:26,0.5412,123.0595,76.53,95,8,2.06,clear sky
451,Kisanga,TZ,2021-10-27 15:02:26,-7.4362,37.7034,88.99,38,16,2.46,few clouds
452,Hobyo,SO,2021-10-27 15:02:27,5.3505,48.5268,81.73,73,49,9.82,scattered clouds
453,Bikaner,IN,2021-10-27 15:02:27,28.0167,73.3,80.96,28,0,4.63,clear sky
454,Sapa,PH,2021-10-27 15:02:27,5.1544,120.3241,80.33,73,71,1.63,broken clouds
455,Honiara,SB,2021-10-27 15:02:28,-9.4333,159.95,78.19,91,71,6.24,broken clouds
456,Vallenar,CL,2021-10-27 15:02:28,-28.5708,-70.7581,77.27,31,0,6.04,clear sky
457,Los Llanos De Aridane,ES,2021-10-27 15:02:28,28.6585,-17.9182,69.55,70,75,5.01,broken clouds
458,Zabol,AF,2021-10-27 15:02:29,32.25,67.25,52.56,18,0,10.22,clear sky
459,Kashi,CN,2021-10-27 15:02:29,39.4547,75.9797,52.93,34,100,4.41,overcast clouds
460,Parati,BR,2021-10-27 15:02:29,-23.2178,-44.7131,76.44,90,99,2.84,overcast clouds
461,Mitchell,US,2021-10-27 15:02:30,43.7094,-98.0298,50.11,96,90,3.0,light rain
462,Megion,RU,2021-10-27 15:02:30,61.0296,76.1136,24.82,89,89,9.24,overcast clouds
463,Noshiro,JP,2021-10-27 15:02:31,40.2039,140.0242,59.4,76,52,17.72,broken clouds
464,Kang,BW,2021-10-27 15:02:31,-23.6752,22.7876,66.42,86,100,15.88,heavy intensity rain
465,Kamaishi,JP,2021-10-27 15:02:31,39.2667,141.8833,55.72,87,56,6.78,broken clouds
466,Launceston,AU,2021-10-27 15:02:20,-41.45,147.1667,53.24,89,100,1.99,overcast clouds
467,Hokitika,NZ,2021-10-27 15:02:32,-42.7167,170.9667,53.6,63,93,5.39,overcast clouds
468,Bonthe,SL,2021-10-27 15:02:33,7.5264,-12.505,83.5,69,52,10.98,broken clouds
469,Sembakung,ID,2021-10-27 15:02:33,3.8167,117.25,80.53,96,88,1.43,overcast clouds
470,Shangzhi,CN,2021-10-27 15:02:33,45.2167,127.9667,38.26,72,3,5.82,clear sky
471,Cairns,AU,2021-10-27 15:02:34,-16.9167,145.7667,76.95,82,48,5.75,scattered clouds
472,Candolim,IN,2021-10-27 15:02:34,15.5181,73.7626,80.85,69,0,4.5,light rain
473,Puerto Carreno,CO,2021-10-27 15:02:35,6.189,-67.4859,75.83,90,100,1.07,overcast clouds
474,Ingham,US,2021-10-27 15:02:35,42.6,-84.3833,46.06,94,90,3.44,mist
475,Nefteyugansk,RU,2021-10-27 15:02:35,61.0998,72.6035,21.45,83,7,10.07,clear sky
476,Bayeux,BR,2021-10-27 15:02:36,-7.125,-34.9322,88.11,48,16,16.31,few clouds
477,Kostyantynivka,UA,2021-10-27 15:02:36,48.5277,37.7069,43.77,31,0,5.32,clear sky
478,Ludvika,SE,2021-10-27 15:02:37,60.1496,15.1878,54.03,88,70,6.53,broken clouds
479,Isabela,PH,2021-10-27 14:58:13,6.7085,121.9711,79.57,87,100,7.63,overcast clouds
480,Neijiang,CN,2021-10-27 15:02:37,29.5835,105.0622,58.33,95,100,2.89,light rain
481,Beloha,MG,2021-10-27 15:02:37,-25.1667,45.05,71.1,79,77,14.92,broken clouds
482,Praya,CV,2021-10-27 15:02:38,14.9215,-23.5087,84.74,61,75,20.71,broken clouds
483,Santa Cruz Del Sur,CU,2021-10-27 15:02:38,20.7147,-77.9956,84.43,68,36,5.59,heavy intensity rain
484,Moroni,KM,2021-10-27 15:02:39,-11.7022,43.2551,78.46,83,50,9.75,scattered clouds
485,Bournemouth,GB,2021-10-27 15:02:39,50.7205,-1.8795,61.02,83,40,1.99,scattered clouds
486,Kungurtug,RU,2021-10-27 15:02:39,50.5994,97.5228,32.14,61,85,1.72,overcast clouds
487,Linhares,BR,2021-10-27 15:02:40,-19.3911,-40.0722,86.43,48,92,8.25,overcast clouds
488,Bonavista,CA,2021-10-27 15:02:40,48.6499,-53.1147,45.12,73,83,14.38,broken clouds
489,Nantucket,US,2021-10-27 15:00:42,41.2835,-70.0995,56.14,92,99,50.85,moderate rain
490,Saint-Pierre,RE,2021-10-27 15:02:41,-21.3393,55.4781,76.68,75,90,2.3,overcast clouds
491,Kardla,EE,2021-10-27 14:59:09,58.9978,22.7492,51.78,93,90,9.22,overcast clouds
492,Elumalai,IN,2021-10-27 15:02:41,9.8667,77.7,76.1,78,83,1.32,moderate rain
493,Annavasal,IN,2021-10-27 15:02:41,10.4667,78.7,83.79,82,94,8.37,overcast clouds
494,La Ronge,CA,2021-10-27 15:02:42,55.1001,-105.2842,38.71,92,2,5.68,clear sky
495,Spassk-Ryazanskiy,RU,2021-10-27 15:02:42,54.4072,40.3806,44.17,69,96,16.55,light rain
496,Inhambane,MZ,2021-10-27 15:02:42,-23.865,35.3833,75.33,69,61,15.84,broken clouds
497,Basoko,CD,2021-10-27 15:02:43,1.2391,23.616,82.67,74,67,3.24,light rain
498,Warri,NG,2021-10-27 15:02:43,5.5167,5.75,83.07,75,100,5.37,moderate rain
499,Riyadh,SA,2021-10-27 15:00:34,24.6877,46.7219,86.27,16,33,10.87,scattered clouds
500,Tiarei,PF,2021-10-27 15:02:44,-17.5333,-149.3333,77.02,75,34,7.23,scattered clouds
501,Matagami,CA,2021-10-27 15:02:35,49.7502,-77.6328,42.58,61,100,4.79,overcast clouds
502,Taguatinga,BR,2021-10-27 15:02:44,-12.3857,-46.5711,95.68,27,63,9.06,broken clouds
503,Lewistown,US,2021-10-27 15:02:44,40.5992,-77.5714,60.51,79,90,0.0,overcast clouds
504,Pemberton,CA,2021-10-27 15:00:24,50.3164,-122.8027,44.1,96,97,5.57,overcast clouds
505,Santiago,CL,2021-10-27 15:02:03,-33.4569,-70.6483,73.85,42,0,6.8,clear sky
506,Natal,BR,2021-10-27 15:02:45,-5.795,-35.2094,87.64,51,41,15.59,scattered clouds
507,Rio Gallegos,AR,2021-10-27 15:01:42,-51.6226,-69.2181,58.69,46,100,23.24,overcast clouds
508,Meulaboh,ID,2021-10-27 15:02:46,4.1363,96.1285,75.43,92,100,6.98,overcast clouds
509,Stornoway,GB,2021-10-27 15:02:46,58.2093,-6.3865,54.93,76,20,14.97,few clouds
510,Tuusula,FI,2021-10-27 15:02:46,60.4037,25.0264,47.48,87,75,5.01,light rain
511,Taltal,CL,2021-10-27 15:02:47,-25.4,-70.4833,65.73,67,15,4.72,few clouds
512,Borogontsy,RU,2021-10-27 15:02:47,62.6683,131.1683,10.63,100,87,3.62,overcast clouds
513,Uddevalla,SE,2021-10-27 15:02:47,58.3478,11.9424,55.33,98,100,7.0,overcast clouds
514,Abalak,RU,2021-10-27 15:02:48,58.1286,68.5944,30.25,97,100,5.86,light snow
515,Seymchan,RU,2021-10-27 15:02:48,62.8833,152.4333,0.93,95,87,0.96,overcast clouds
516,Vila Franca Do Campo,PT,2021-10-27 15:02:49,37.7167,-25.4333,70.21,88,100,16.17,overcast clouds
517,Steinbach,DE,2021-10-27 15:00:42,50.1667,8.5667,61.57,67,20,4.61,few clouds
518,Moose Factory,CA,2021-10-27 15:02:49,51.2585,-80.6094,42.44,72,40,2.89,scattered clouds
519,Caohai,CN,2021-10-27 15:02:50,26.8661,104.2841,44.65,96,100,3.56,overcast clouds
520,Roswell,US,2021-10-27 15:02:50,34.0232,-84.3616,62.1,72,1,1.99,clear sky
521,Juana Diaz,PR,2021-10-27 15:02:51,18.0525,-66.5066,89.62,69,5,8.39,clear sky
522,Bom Jesus Do Galho,BR,2021-10-27 15:02:51,-19.8289,-42.3161,82.24,53,90,8.81,overcast clouds
523,Lakes Entrance,AU,2021-10-27 15:02:51,-37.8811,147.981,54.16,72,99,6.87,overcast clouds
524,Myrtle Beach,US,2021-10-27 14:59:11,33.6891,-78.8867,60.04,61,6,3.0,clear sky
525,Wake Forest,US,2021-10-27 15:02:52,35.9799,-78.5097,60.06,65,1,1.01,clear sky
526,Kavaratti,IN,2021-10-27 15:02:52,10.5669,72.642,81.72,75,28,7.74,moderate rain
527,Southbridge,US,2021-10-27 15:02:53,42.0751,-72.0334,52.3,94,100,5.01,overcast clouds
528,Iki-Burul,RU,2021-10-27 15:02:53,45.8208,44.6472,35.94,56,0,7.94,clear sky
529,Sao Jose Da Coroa Grande,BR,2021-10-27 15:02:53,-8.8978,-35.1478,83.39,62,25,10.74,scattered clouds
530,Olonets,RU,2021-10-27 15:02:54,60.9847,32.9698,44.15,92,99,8.59,overcast clouds
531,Guiratinga,BR,2021-10-27 15:02:54,-16.3494,-53.7583,85.87,51,100,8.43,overcast clouds
532,Dumas,US,2021-10-27 15:02:55,35.8656,-101.9732,51.15,49,1,26.46,clear sky
533,Cangzhou,CN,2021-10-27 15:00:24,38.3167,116.8667,55.98,44,99,4.05,overcast clouds
534,Inuvik,CA,2021-10-27 15:02:55,68.3499,-133.7218,19.94,98,95,0.85,overcast clouds
535,Hovd,MN,2021-10-27 15:02:55,48.0056,91.6419,38.98,38,12,5.59,few clouds
536,San Andres,CO,2021-10-27 15:00:16,12.5847,-81.7006,82.71,76,25,8.5,light rain
537,Rongcheng,CN,2021-10-27 15:02:56,30.634,117.8517,60.35,78,33,1.88,light rain
538,Thohoyandou,ZA,2021-10-27 15:02:56,-22.9456,30.485,71.71,63,91,8.61,overcast clouds
539,Bestobe,KZ,2021-10-27 15:02:57,52.4994,73.0975,33.24,41,68,8.95,broken clouds
540,Tygda,RU,2021-10-27 15:02:57,53.1167,126.3333,31.59,79,2,4.97,clear sky
541,Lagoa Santa,BR,2021-10-27 15:02:57,-19.6272,-43.8897,83.37,51,20,6.91,few clouds
542,Chabahar,IR,2021-10-27 15:02:58,25.2919,60.643,79.2,71,0,5.46,clear sky
543,Jiwani,PK,2021-10-27 15:02:58,25.05,61.7417,79.48,68,0,7.47,clear sky
544,Tagusao,PH,2021-10-27 15:02:59,9.1924,117.8141,80.26,83,99,2.15,overcast clouds
545,Hofn,IS,2021-10-27 15:02:59,64.2539,-15.2082,41.41,86,60,4.07,broken clouds
546,Mudu,CN,2021-10-27 15:02:59,31.252,120.5118,61.99,74,4,6.42,light rain
547,Vestmannaeyjar,IS,2021-10-27 15:03:00,63.4427,-20.2734,43.79,87,40,13.8,scattered clouds
548,Penzance,GB,2021-10-27 15:03:00,50.1186,-5.5371,60.01,94,75,21.85,broken clouds
549,Nizwa,OM,2021-10-27 15:03:01,22.9333,57.5333,83.89,37,81,4.63,broken clouds
550,Deputatskiy,RU,2021-10-27 15:03:01,69.3,139.9,-1.01,98,100,1.25,overcast clouds
551,Sakakah,SA,2021-10-27 15:03:02,29.9697,40.2064,82.62,24,89,5.1,overcast clouds
552,Puerto Rondon,CO,2021-10-27 15:03:03,6.2805,-71.1,81.79,73,98,3.76,overcast clouds
553,Aripuana,BR,2021-10-27 15:03:04,-9.1667,-60.6333,80.17,74,97,3.67,light rain
554,Puerto Del Rosario,ES,2021-10-27 15:03:04,28.5004,-13.8627,78.48,57,20,13.8,few clouds
555,Sao Felix Do Xingu,BR,2021-10-27 15:03:04,-6.6447,-51.995,93.96,43,24,3.44,few clouds
556,Peace River,CA,2021-10-27 14:59:54,56.2501,-117.286,37.65,96,75,3.0,broken clouds
557,Arman,RU,2021-10-27 15:03:05,59.7,150.1667,23.97,74,100,6.85,overcast clouds
558,Londoko,RU,2021-10-27 15:03:05,49.0333,131.9833,33.44,88,64,3.83,broken clouds
559,Cockburn Town,TC,2021-10-27 15:03:05,21.4612,-71.1419,82.6,72,96,8.88,overcast clouds
560,Valparaiso,CL,2021-10-27 15:00:21,-33.0393,-71.6273,59.47,73,65,6.15,broken clouds
561,Ukiah,US,2021-10-27 15:00:02,39.1502,-123.2078,56.66,97,90,0.0,overcast clouds
562,Senneterre,CA,2021-10-27 15:03:06,48.3835,-77.2328,42.15,60,100,5.48,overcast clouds
563,Ode,NG,2021-10-27 15:03:06,7.7899,5.7117,83.46,63,90,3.58,overcast clouds
564,Ixtapa,MX,2021-10-27 15:03:07,20.7,-105.2,78.22,94,75,4.61,broken clouds
565,Mae Sai,TH,2021-10-27 15:03:07,20.4335,99.8762,74.44,97,29,2.33,light rain
566,Hay River,CA,2021-10-27 15:02:39,60.8156,-115.7999,35.89,92,66,4.0,broken clouds
567,Sargur,IN,2021-10-27 15:03:08,11.9833,76.4167,69.82,89,59,4.32,broken clouds
568,Zhigansk,RU,2021-10-27 15:03:08,66.7697,123.3711,11.98,96,100,10.13,overcast clouds
569,Las Matas De Farfan,DO,2021-10-27 15:03:09,18.8731,-71.5166,81.57,55,82,5.7,broken clouds
570,Along,IN,2021-10-27 15:03:09,28.1667,94.7667,64.35,80,1,2.3,clear sky
571,Paris,FR,2021-10-27 15:01:03,48.8534,2.3488,65.55,68,0,1.01,clear sky
572,Alamogordo,US,2021-10-27 15:00:00,32.8995,-105.9603,50.95,41,1,4.0,clear sky
573,Nyurba,RU,2021-10-27 15:03:10,63.2842,118.3319,28.06,95,100,11.92,snow
574,Necochea,AR,2021-10-27 15:03:10,-38.5473,-58.7368,77.58,43,5,3.85,clear sky
575,Lichinga,MZ,2021-10-27 15:03:10,-13.3128,35.2406,71.69,68,75,14.97,drizzle
576,Yutsa,RU,2021-10-27 15:03:11,43.9564,43.0128,36.0,78,0,6.6,clear sky
577,Mitsamiouli,KM,2021-10-27 15:03:11,-11.3847,43.2844,79.32,79,70,8.66,broken clouds
578,Matay,EG,2021-10-27 15:00:36,28.419,30.7792,88.5,17,0,8.66,clear sky
579,Sioux Lookout,CA,2021-10-27 15:03:12,50.1001,-91.917,41.38,78,100,10.25,overcast clouds
580,San Patricio,US,2021-10-27 15:03:12,28.017,-97.5169,82.49,68,66,19.77,broken clouds
581,Lacombe,CA,2021-10-27 15:03:13,52.4668,-113.7353,38.32,53,91,10.6,overcast clouds
582,Villanueva,HN,2021-10-27 15:03:13,15.3167,-88.0,91.04,58,20,6.91,few clouds
583,Boysun,UZ,2021-10-27 15:03:14,38.2061,67.1986,51.76,43,100,3.87,overcast clouds
584,Nara,JP,2021-10-27 15:01:09,34.6851,135.8049,61.88,76,1,1.7,clear sky
585,Krasnozatonskiy,RU,2021-10-27 15:03:14,61.6758,50.9794,34.02,100,90,8.95,light rain
586,Mareeba,AU,2021-10-27 15:03:14,-17.0,145.4333,72.32,94,35,2.98,scattered clouds
587,Sur,OM,2021-10-27 15:03:15,22.5667,59.5289,81.64,67,93,12.46,overcast clouds
588,Yinchuan,CN,2021-10-27 15:03:15,38.4681,106.2731,50.67,33,7,6.04,clear sky
589,Sirnak,TR,2021-10-27 15:03:16,37.5228,42.4594,56.46,40,23,3.67,few clouds
590,Teknaf,BD,2021-10-27 15:03:16,20.8624,92.3058,78.76,80,100,2.64,overcast clouds
591,Durusu,TR,2021-10-27 15:03:16,41.3053,28.6767,59.94,88,100,15.99,overcast clouds
592,Minatitlan,MX,2021-10-27 15:03:17,17.9833,-94.5167,84.29,89,40,11.5,scattered clouds
593,Shihezi,CN,2021-10-27 15:03:17,44.3,86.0333,53.02,30,100,2.57,overcast clouds
594,Kurmanayevka,RU,2021-10-27 15:03:17,52.5093,52.0675,40.95,49,98,16.13,overcast clouds
595,Gariaband,IN,2021-10-27 15:03:18,20.635,82.0614,76.55,69,11,2.08,few clouds
596,Waddan,LY,2021-10-27 15:03:18,29.1614,16.139,79.14,35,91,7.49,overcast clouds
597,Oyo,NG,2021-10-27 15:03:18,7.85,3.9333,84.83,67,79,4.65,light rain
598,Pirgos,GR,2021-10-27 15:03:19,35.1167,25.7178,64.62,72,99,11.7,overcast clouds
599,Nioro,GM,2021-10-27 15:03:19,13.35,-15.75,90.99,51,75,1.52,broken clouds
600,Vanavara,RU,2021-10-27 15:03:20,60.34,102.2797,24.93,65,100,17.27,overcast clouds
601,Tarko-Sale,RU,2021-10-27 15:03:20,64.9225,77.785,11.03,95,31,11.1,scattered clouds
602,Padang,ID,2021-10-27 15:03:20,-0.9492,100.3543,78.85,82,77,3.96,broken clouds
603,Cantagallo,CO,2021-10-27 15:03:21,7.376,-73.9196,80.96,84,96,0.78,light rain
604,Zhuhai,CN,2021-10-27 15:03:21,22.2769,113.5678,78.58,83,20,4.61,light rain
605,Krasnyy Kut,RU,2021-10-27 15:03:21,50.95,46.9667,40.89,43,56,12.08,broken clouds
606,Manggar,ID,2021-10-27 15:03:22,-2.8833,108.2667,81.63,77,100,4.14,moderate rain
607,Sovetskaya,RU,2021-10-27 15:03:22,44.7769,41.1722,42.73,62,0,8.3,clear sky
608,Dargaville,NZ,2021-10-27 15:03:23,-35.9333,173.8833,57.61,96,100,3.09,overcast clouds
609,Wichian Buri,TH,2021-10-27 15:03:23,15.6578,101.106,75.11,83,100,3.18,light rain
610,Ardesen,TR,2021-10-27 15:03:23,41.1911,40.9875,48.16,68,0,2.73,clear sky
611,Qasigiannguit,GL,2021-10-27 15:03:24,68.8193,-51.1922,16.05,77,100,3.18,overcast clouds
612,Alto Araguaia,BR,2021-10-27 15:03:24,-17.3147,-53.2153,84.33,55,99,11.01,overcast clouds
613,Mnogovershinnyy,RU,2021-10-27 15:03:25,53.9353,139.9242,34.56,98,100,5.08,overcast clouds
614,Longyearbyen,SJ,2021-10-27 15:00:31,78.2186,15.6401,19.24,68,20,10.36,few clouds
615,Koundara,GN,2021-10-27 15:03:25,12.4833,-13.3,95.29,44,21,2.33,few clouds
616,Tamiahua,MX,2021-10-27 15:03:25,21.2667,-97.45,83.07,77,64,5.82,broken clouds
617,Redcliffe,AU,2021-10-27 15:03:26,-27.2307,153.0973,75.16,78,75,14.97,broken clouds
618,Phangnga,TH,2021-10-27 15:03:26,8.4509,98.5298,86.92,93,99,3.76,overcast clouds
619,Vestmanna,FO,2021-10-27 15:03:27,62.1564,-7.1664,47.32,93,75,13.8,broken clouds
620,Conchas,BR,2021-10-27 15:01:27,-23.0153,-48.0106,80.92,59,99,6.82,overcast clouds
621,Kutulik,RU,2021-10-27 15:03:27,53.3508,102.7839,39.45,79,100,8.46,overcast clouds
622,Maceio,BR,2021-10-27 15:02:47,-9.6658,-35.7353,81.7,66,56,10.18,broken clouds
623,Bayan,CN,2021-10-27 15:03:28,46.0833,127.4,37.24,78,3,4.7,clear sky
624,Torbat-E Jam,IR,2021-10-27 15:03:28,35.244,60.6225,48.56,66,81,12.08,broken clouds
625,Namatanai,PG,2021-10-27 15:03:28,-3.6667,152.4333,80.31,81,51,6.6,light rain
626,Wad Madani,SD,2021-10-27 15:03:29,14.4012,33.5199,92.77,28,76,4.34,broken clouds
627,Zaysan,KZ,2021-10-27 15:03:29,47.4667,84.8667,52.07,41,100,11.3,overcast clouds
628,Linxia,CN,2021-10-27 15:03:29,35.6003,103.2064,46.67,62,79,2.48,broken clouds
629,Coos Bay,US,2021-10-27 15:03:30,43.3665,-124.2179,53.92,100,90,4.61,fog
630,North Reading,US,2021-10-27 15:02:56,42.5751,-71.0787,50.61,93,90,3.0,light rain
631,Birao,CF,2021-10-27 15:03:30,10.2849,22.7882,93.31,31,17,2.21,few clouds
632,Los Andes,CL,2021-10-27 14:58:39,-32.8337,-70.5983,70.57,37,0,7.23,clear sky
633,Barberton,ZA,2021-10-27 15:00:58,-25.7884,31.0532,65.57,81,100,3.53,light rain
634,Havelian,PK,2021-10-27 15:03:31,34.0536,73.1657,61.83,55,0,5.23,clear sky
635,Timra,SE,2021-10-27 15:03:31,62.487,17.3257,44.67,87,55,3.44,broken clouds
636,Opuwo,NA,2021-10-27 15:03:32,-18.0607,13.84,94.12,12,89,10.36,overcast clouds
637,Ghanzi,BW,2021-10-27 15:03:32,-21.5667,21.7833,72.59,57,100,6.22,overcast clouds
638,New London,US,2021-10-27 15:03:32,41.4834,-72.0662,55.4,77,90,8.99,overcast clouds
639,Seminole,US,2021-10-27 15:03:33,28.7086,-81.2081,76.42,69,1,0.0,clear sky
640,Catuday,PH,2021-10-27 15:03:33,16.2923,119.8062,80.08,75,70,4.56,broken clouds
641,Narkevychi,UA,2021-10-27 15:03:34,49.5172,26.6418,48.2,68,90,5.93,overcast clouds
642,Eirunepe,BR,2021-10-27 15:03:34,-6.6603,-69.8736,87.12,56,94,1.99,overcast clouds
643,Chippewa Falls,US,2021-10-27 15:00:12,44.9369,-91.3929,45.54,85,100,12.95,overcast clouds
644,Rognan,NO,2021-10-27 15:03:35,67.0953,15.3878,37.89,74,100,7.27,overcast clouds
645,Saucillo,MX,2021-10-27 15:03:35,28.0167,-105.2833,64.26,42,0,14.45,clear sky
646,Poretskoye,RU,2021-10-27 15:03:35,55.1974,46.3291,42.04,60,100,15.82,overcast clouds
647,Yartsevo,RU,2021-10-27 15:03:36,55.0667,32.6964,40.44,86,71,5.5,broken clouds
648,Zapolyarnyy,RU,2021-10-27 15:03:36,69.4154,30.8136,25.88,96,96,3.8,overcast clouds
649,Uvarovka,RU,2021-10-27 15:03:37,55.5278,35.6061,41.23,88,100,9.84,overcast clouds
650,Evensk,RU,2021-10-27 15:03:37,61.95,159.2333,4.71,80,2,6.55,clear sky
651,Iracoubo,GF,2021-10-27 15:01:13,5.4802,-53.2011,84.52,70,14,10.13,few clouds
652,West Wendover,US,2021-10-27 15:03:38,40.7391,-114.0733,40.21,75,90,4.61,overcast clouds
653,Trapani,IT,2021-10-27 15:03:38,37.8333,12.6667,68.72,100,40,11.5,scattered clouds
654,Memmingen,DE,2021-10-27 15:03:38,47.9837,10.1853,59.72,74,0,8.05,clear sky
655,Istra,RU,2021-10-27 15:03:39,55.9178,36.8642,43.09,87,100,10.29,overcast clouds
656,Radomsko,PL,2021-10-27 15:03:39,51.0671,19.4448,56.39,59,98,7.23,overcast clouds
657,Santa Rosa,PH,2021-10-27 15:02:54,14.3122,121.1114,82.11,74,62,7.92,broken clouds
658,Lianzhou,CN,2021-10-27 15:03:40,24.7811,112.3825,61.63,85,22,3.4,few clouds
659,Swan River,CA,2021-10-27 15:02:06,52.1058,-101.2676,45.23,91,100,3.31,overcast clouds
660,Ilanskiy,RU,2021-10-27 15:03:40,56.2358,96.065,29.53,53,56,11.32,broken clouds
661,Tulum,MX,2021-10-27 15:03:40,20.2167,-87.4667,86.05,69,68,8.23,broken clouds
662,Alta Floresta,BR,2021-10-27 14:59:57,-9.8756,-56.0861,85.82,66,20,3.44,few clouds
663,Amapa,BR,2021-10-27 15:03:41,1.0,-52.0,92.93,41,100,4.97,overcast clouds
664,Santo Andre,BR,2021-10-27 15:03:41,-23.6639,-46.5383,74.84,86,90,9.22,overcast clouds
665,Tazovskiy,RU,2021-10-27 15:03:41,67.4667,78.7,7.74,94,99,9.17,overcast clouds
666,Barabai,ID,2021-10-27 15:03:42,-2.5833,115.3833,75.87,93,90,1.72,overcast clouds
667,Kirakira,SB,2021-10-27 15:03:42,-10.4544,161.9205,79.74,86,52,8.25,broken clouds
668,Hakkari,TR,2021-10-27 15:03:43,37.5833,44.1667,48.13,50,94,3.47,overcast clouds
669,Azad Shahr,IR,2021-10-27 15:03:43,34.7909,48.5707,51.13,45,80,6.26,broken clouds
670,Kota Belud,MY,2021-10-27 15:03:43,6.351,116.4305,76.86,88,68,4.32,broken clouds
671,Sabang,ID,2021-10-27 15:03:44,5.8933,95.3214,81.25,77,92,8.97,overcast clouds
672,Otavi,NA,2021-10-27 15:03:44,-19.65,17.3333,83.3,33,90,14.54,overcast clouds
673,Richards Bay,ZA,2021-10-27 15:02:55,-28.783,32.0377,68.23,75,91,9.19,overcast clouds
674,Kasama,ZM,2021-10-27 15:03:45,-10.2129,31.1808,85.71,24,75,5.06,broken clouds
675,Olga,RU,2021-10-27 15:03:45,43.7444,135.2892,46.33,66,99,9.98,overcast clouds
676,Humaita,BR,2021-10-27 15:03:45,-7.5061,-63.0208,90.61,52,76,1.99,light rain
677,Shahdadkot,PK,2021-10-27 15:03:46,27.8477,67.9055,79.39,25,0,2.8,clear sky
678,Brownwood,US,2021-10-27 15:03:46,31.7093,-98.9912,65.97,39,1,16.11,clear sky
679,Kattivakkam,IN,2021-10-27 15:03:46,13.2167,80.3167,84.29,75,53,11.83,broken clouds
680,Coahuayana,MX,2021-10-27 15:03:47,18.7333,-103.6833,83.68,74,37,2.35,scattered clouds
681,Lengshuijiang,CN,2021-10-27 15:03:47,27.6881,111.4294,62.42,72,100,0.81,light rain
682,Wanaka,NZ,2021-10-27 14:59:37,-44.7,169.15,54.1,72,49,1.99,scattered clouds
683,Poum,NC,2021-10-27 15:03:48,-20.2333,164.0167,74.97,82,19,10.69,few clouds
684,Rurrenabaque,BO,2021-10-27 15:03:48,-14.4413,-67.5278,96.76,28,55,2.28,broken clouds
685,Belaya Gora,RU,2021-10-27 15:03:48,68.5333,146.4167,-0.47,94,99,2.44,overcast clouds
686,Nouadhibou,MR,2021-10-27 15:03:49,20.931,-17.0347,68.95,85,84,15.88,broken clouds
687,Velingara,SN,2021-10-27 15:03:49,13.15,-14.1167,96.15,42,59,1.5,broken clouds
688,Beidao,CN,2021-10-27 15:03:50,34.5686,105.8933,48.85,88,100,1.05,overcast clouds
689,Goiania,BR,2021-10-27 15:01:21,-16.6786,-49.2539,82.99,54,98,6.2,overcast clouds
690,Talavera,PH,2021-10-27 15:03:50,15.6167,120.9333,74.64,90,61,2.53,broken clouds
691,Wukari,NG,2021-10-27 15:03:50,7.85,9.7833,89.31,55,73,3.65,broken clouds
692,Alexandria,EG,2021-10-27 15:02:44,31.2156,29.9553,75.83,69,77,17.18,broken clouds
